id,domain,status,purchase_price,renewal_price,attractiveness,demand,length,registrar,created_at,expires_at,status_verified_at
181a2730-2fe4-4358-a7fe-c3d959837a7c,spirant.money,available,11.98,38.98,medium,low,7,namecheap,,,12/08/2026 23:20
766fd0f4-6efa-4350-a1a7-d4cdd893e9d9,flaxseed.money,available,16.99,35.99,high,low,9,namesilo,,,16/09/2026 10:28
bacb8eb9-7ec7-452b-864f-120693919091,wellington.money,available,11.98,38.98,high,low,10,namecheap,,,20/09/2026 11:08
8b9ecf4f-9d80-45fc-995a-0a74ac6e7544,chewable.money,available,11.98,38.98,medium,low,8,namecheap,,,12/08/2026 04:28
d9c650ad-5584-4076-97be-2c78ea6c0df5,toxicant.money,available,11.98,38.98,medium,low,8,namecheap,,,08/09/2026 22:42
62f2fd8e-c8bc-47f5-98a5-76bcc67e8369,exhaustive.money,available,11.98,38.98,medium,low,10,namecheap,,,17/08/2026 17:08
771fa368-bc31-4592-9f2c-598cc7426836,variously.money,available,11.98,38.98,medium,low,9,namecheap,,,14/09/2026 13:23
27f909d6-f2f2-4bf4-8696-136e5fb6a3f6,uncapped.money,available,11.98,38.98,medium,low,8,namecheap,,,12/09/2026 04:44
3d8845d3-2dc0-4151-b731-eeb99ad3792a,genoese.money,available,11.98,38.98,high,low,7,namecheap,,,18/08/2026 21:48
e52e66af-d455-4ed6-8729-9570d124c215,unbooked.money,available,11.98,38.98,medium,low,8,namecheap,,,12/09/2026 02:19
d1c75bbd-ee44-4503-92f6-7e7d6d10c07a,admiration.money,available,19.99,,high,low,10,name.com,,,
4eb9d29a-d0d1-4556-9523-50c38975e9a3,onset.money,available,11.98,38.98,high,low,5,namecheap,,,04/09/2026 14:29
ab6d9043-58a0-412a-95a6-f715d6db0ec4,hardy.money,available,11.98,38.98,high,low,5,namecheap,,,22/09/2026 12:21
b0368f2c-a3c4-451c-a4f1-e7312a04ad65,classify.money,available,16.99,35.99,high,low,8,namesilo,,,24/09/2026 15:20
a0c74b62-db94-40ab-b745-92fe19bdf630,swingy.money,available,11.98,38.98,medium,low,6,namecheap,,,23/08/2026 09:29
b32d1501-050c-4940-ad10-9cbbce0393f0,utterly.money,available,19.99,,high,low,7,name.com,,,
19b842dc-9913-4493-8058-f2872a079513,pictured.money,available,11.98,38.98,medium,low,8,namecheap,,,14/08/2026 02:14
8e71c209-16e3-4910-8dd4-91f817bda1f5,bandleader.money,available,16.99,35.99,high,low,10,namesilo,,,22/09/2026 01:25
52e8e0b9-ae81-4c4b-b80e-78e823c61baa,gallant.money,available,11.98,38.98,high,low,7,namecheap,,,12/08/2026 06:16
06794261-a064-420d-a420-25cd29e9af21,sponsor.money,resell,,,high,low,7,Dynadot Inc,06/06/2026 17:00,06/06/2027 17:00,26/09/2026 09:13
e9db4663-85bb-4573-b0a5-5c5661d13a93,fecal.money,available,11.98,38.98,medium,low,5,namecheap,,,17/08/2026 20:38
593e993b-cd05-4036-b6ac-b82569bb1647,dita.money,available,16.99,35.99,medium,low,4,namesilo,,,18/09/2026 14:25
df6ca74e-222e-4eb2-b225-7e1152ff9ef3,aortic.money,available,11.98,38.98,medium,low,6,namecheap,,,05/08/2026 21:54
c32e194c-8b08-4367-8dec-597b04423076,bawd.money,available,19.99,50.99,medium,low,4,name.com,,,13/08/2026 14:22
0fcfeea6-cdc7-4052-b4a4-ab80bb568c24,beneath.money,available,19.99,,medium,low,7,name.com,,,
197e3be3-b4b2-4d2d-9117-d003f1335026,treating.money,available,11.98,38.98,high,low,8,namecheap,,,23/09/2026 18:53
d99d78bc-255e-4b97-9657-b84c928a8da2,bolshie.money,available,11.98,38.98,medium,low,7,namecheap,,,10/08/2026 17:55
fea7f588-5001-4a7c-aea1-4cae7e281d98,touring.money,available,19.99,,high,low,7,name.com,,,
68538788-309c-4586-8eef-4c23c340921d,sully.money,available,11.98,38.98,medium,low,5,namecheap,,,24/08/2026 12:51
c558577f-e082-4838-8e4c-fb05b22a1e6f,cement.money,available,19.99,,high,low,6,name.com,,,
cdac3fd8-1b24-492c-83f2-96c5dffc55f1,raymond.money,available,11.98,38.98,high,low,7,namecheap,,,25/09/2026 19:12
139e956f-7988-4e71-85aa-b2633cf67ec5,balbriggan.money,available,11.98,38.98,medium,low,10,namecheap,,,21/09/2026 21:25
2b54731d-fb16-4f11-90f5-083fa8eb99c0,vents.money,available,16.99,35.99,medium,low,5,namesilo,,,21/09/2026 06:42
da62a4d1-dca4-4169-9da7-78358bcf8ca3,fabulously.money,available,11.98,38.98,high,low,10,namecheap,,,14/09/2026 17:19
f7556b4a-e0aa-49a0-870b-ce96bba67df7,heliac.money,available,11.98,38.98,medium,low,6,namecheap,,,21/08/2026 06:28
88407078-9c48-4e3b-a594-e54d9236c9b4,bearberry.money,available,19.99,50.99,medium,low,9,name.com,,,22/09/2026 20:57
812ee17f-30a0-4193-a102-ccb448543349,pugin.money,available,11.98,38.98,medium,low,5,namecheap,,,21/09/2026 04:06
46e1d97c-3cee-4dbf-8fa0-98537989aa48,overnight.money,available,16.99,35.99,high,low,9,namesilo,,,22/09/2026 00:44
86d78410-e59a-4262-88e3-280a1edf4917,romish.money,available,11.98,38.98,medium,low,6,namecheap,,,05/09/2026 01:30
f5f8407e-18c0-47a7-a82a-625905553a5f,hollow.money,available,11.98,38.98,high,low,6,namecheap,,,21/08/2026 10:31
eef66ac4-5600-44b8-8533-28cc2a8f7d9f,ported.money,available,16.99,35.99,high,low,6,namesilo,,,20/09/2026 15:39
d9b4b109-b9c9-4fb2-96e1-0fd5f0cdcb15,husband.money,available,19.99,,high,low,7,name.com,,,
678ed86e-169c-4dfd-a249-162c1475ea47,locating.money,available,11.98,38.98,high,low,8,namecheap,,,09/09/2026 00:10
1e2b8d46-e4fc-4593-b04e-78048bb914ed,pharaonic.money,available,11.98,38.98,medium,low,9,namecheap,,,08/09/2026 18:44
8f493fea-d359-4e52-94a4-8a932653842a,adherent.money,available,11.98,38.98,high,low,8,namecheap,,,
9190bb8a-4ffb-4e77-b39e-b87af6d257e7,puzzled.money,available,11.98,38.98,high,low,7,namecheap,,,07/08/2026 10:53
94060315-2521-45d1-b441-25d89afb3362,diluvian.money,available,11.98,38.98,medium,low,8,namecheap,,,14/08/2026 07:51
f5bb6626-cbf4-482f-87f4-e6f822999ac5,vent.money,available,19.99,,high,low,4,name.com,,,
bd4f3e5c-1365-4c02-962b-82f99ab80c4d,vascular.money,available,11.98,38.98,medium,low,8,namecheap,,,13/09/2026 01:33
ac7c11cc-382f-429c-b5c7-c4a881fd92a1,neotenic.money,available,11.98,38.98,medium,low,8,namecheap,,,03/09/2026 15:31
221f768c-83b3-45fb-851a-b682f0546497,panipat.money,available,16.99,35.99,medium,low,7,namesilo,,,22/09/2026 15:36
35693bfb-5cba-421d-9572-829df2e519fd,aloft.money,available,11.98,38.98,medium,low,5,namecheap,,,13/09/2026 19:10
6b2d1229-b147-4703-bd5a-3c114845240d,eparchial.money,available,11.98,38.98,low,low,9,namecheap,,,17/08/2026 10:12
89f5edcf-11d0-411b-8a6f-4326997ffed9,afterglow.money,available,16.99,35.99,high,low,9,namesilo,,,17/09/2026 15:42
1e578a7f-f15b-4305-96e1-06a4f791f1b0,bland.money,available,16.99,35.99,medium,low,5,namesilo,,,22/09/2026 21:44
a0097a20-a917-4f37-9c81-cf6383f29f98,figured.money,available,11.98,38.98,high,low,7,namecheap,,,18/08/2026 04:00
649a5338-9e1f-4d78-8d9c-08e46884ea0a,eyestrain.money,available,16.99,35.99,medium,low,9,namesilo,,,20/09/2026 17:21
eb143a09-fe57-47fa-b126-edccfee1bdc4,cathedral.money,available,11.98,38.98,high,low,9,namecheap,,,11/08/2026 21:50
2ef8eaa6-61b9-40ae-8094-b7f8adf7368a,germany.money,available,,,high,high,7,,,,
aa13635b-7ef6-4fe7-8eb5-d4036718e4af,organizations.money,available,19.99,,medium,low,13,name.com,,,
0781fd5b-df3e-46bf-9531-21d7966dcec6,doglike.money,available,11.98,38.98,medium,low,7,namecheap,,,14/08/2026 15:07
0c89abf6-6e5f-4e7d-b926-f3ab95997870,kelly.money,available,11.98,38.98,high,low,5,namecheap,,,25/09/2026 05:33
f92db2cf-1f15-486c-87c1-786b667da8ae,llc.money,available,16.99,35.99,high,low,3,namesilo,,,25/09/2026 11:14
4cce55c4-730b-49e9-9596-0274a61c7012,almaty.money,available,19.99,50.99,medium,low,6,name.com,,,18/09/2026 12:22
7c798733-2c3e-4974-b433-ab21bc6be02e,functions.money,available,11.98,38.98,medium,low,9,namecheap,,,17/09/2026 05:18
3a4bc564-2eb4-4540-9c25-b2e0bda68d32,virago.money,available,16.99,35.99,medium,low,6,namesilo,,,18/09/2026 16:19
ce9f05e2-6e48-472e-a687-f62b297d4d5e,dinesen.money,available,11.98,38.98,medium,low,7,namecheap,,,22/09/2026 07:24
3d8c3d26-5cfa-4220-94d1-48de0bfa3d36,ive.money,available,19.99,,high,low,3,name.com,,,
f47cb3fb-7091-4a0e-8653-a6dd8108a0ed,abdias.money,available,16.99,35.99,medium,low,6,namesilo,,,16/09/2026 14:41
ac0ad8fb-c47d-4b22-9e74-ca6d5cbf4d64,scandent.money,available,11.98,38.98,medium,low,8,namecheap,,,09/09/2026 22:32
451644e1-223f-41fc-a554-75aa9604effe,loamy.money,available,11.98,38.98,medium,low,5,namecheap,,,24/08/2026 08:15
d67be073-37de-46b2-8e8a-0ffd1676860f,palmae.money,available,11.98,38.98,medium,low,6,namecheap,,,20/09/2026 03:32
8afc50bf-4a74-4762-93b1-800925e85bcc,unexcited.money,available,11.98,38.98,medium,low,9,namecheap,,,12/09/2026 09:30
aea402f3-4e04-495d-a358-8839063b392e,mogadishu.money,available,16.99,35.99,medium,low,9,namesilo,,,24/09/2026 12:23
6e0924bc-6ae2-41d6-9bd8-8fc91132ecde,mammoth.money,available,11.98,38.98,high,low,7,namecheap,,,18/08/2026 23:30
57c5d155-285a-4db4-8e3a-7ddffbe5d8a6,treelike.money,available,11.98,38.98,medium,low,8,namecheap,,,06/08/2026 14:01
48b3c205-e76e-4df5-872c-b158ffdb6064,wayfaring.money,available,11.98,38.98,medium,low,9,namecheap,,,13/09/2026 08:47
2e1048a0-9a66-4689-9452-7d68ad6834bf,greyish.money,available,11.98,38.98,medium,low,7,namecheap,,,20/08/2026 18:54
6c621f50-9774-4d8c-adc9-d8ba77bc2d8f,heartfelt.money,available,11.98,38.98,high,low,9,namecheap,,,21/08/2026 02:11
9f9722b3-5308-4277-91c4-6e744e5eaeae,adverse.money,available,11.98,38.98,medium,low,7,namecheap,,,
7d12bf2c-d1f7-43a7-ab94-7e0b6c6bb636,totals.money,available,16.99,35.99,medium,low,6,namesilo,,,20/09/2026 12:03
5c856fa8-ddd0-414b-b6b2-7bc62d3d7394,hall.money,available,19.99,,high,low,4,name.com,,,
779fdb60-f17a-4858-8b5a-36bb30910051,stuart.money,available,16.99,35.99,high,low,6,namesilo,,,25/09/2026 22:59
1662fff3-4c5f-4ba3-8518-339199df8763,punched.money,available,16.99,35.99,medium,low,7,namesilo,,,19/09/2026 01:53
5c61a35c-5f72-433f-bc38-a58e19d668f4,commensal.money,available,11.98,38.98,medium,low,9,namecheap,,,12/08/2026 19:08
2eed7989-0def-4d51-a054-0110f14263b6,bookable.money,available,11.98,38.98,high,low,8,namecheap,,,10/08/2026 19:04
bfcc42b8-83c2-4ce5-9584-fad7caae96af,bodiless.money,available,11.98,38.98,medium,low,8,namecheap,,,10/08/2026 16:48
7793aecf-9422-4567-814f-9669bb7a72fb,flowerbed.money,available,16.99,35.99,high,low,9,namesilo,,,22/09/2026 22:58
4eaaaa6e-2305-4e86-8b64-d1a1c29e63d1,opens.money,available,16.99,35.99,medium,low,5,namesilo,,,18/09/2026 23:02
f9620078-d331-423e-8b68-44b3c68ec8c7,woodsy.money,available,11.98,38.98,medium,low,6,namecheap,,,06/08/2026 13:04
159e5d57-322a-4f05-8232-c413bc905bc0,rustic.money,available,11.98,38.98,high,low,6,namecheap,,,
691ef590-0acb-426d-8a9d-cd792068b98b,agrimonia.money,available,11.98,38.98,medium,low,9,namecheap,,,17/09/2026 19:28
da6a3d62-2e0b-49b8-8950-a3bc41e713ec,pourboire.money,available,19.99,50.99,medium,low,9,name.com,,,21/09/2026 15:52
2d23154e-e2d0-4108-b4a2-e6eb7a9f34c1,bathos.money,available,16.99,35.99,medium,low,6,namesilo,,,22/09/2026 13:49
02940c00-cef1-475b-91f6-d27fd5c322ca,cruelty.money,available,11.98,38.98,medium,low,7,namecheap,,,24/09/2026 19:49
72577c0e-a858-4935-ad8c-75479ccf056f,effected.money,available,11.98,38.98,medium,low,8,namecheap,,,15/08/2026 14:18
3dfb801c-863e-4f81-9122-923fd1084009,arborist.money,available,16.99,35.99,medium,low,8,namesilo,,,20/09/2026 00:51
0b57a800-92e6-4d72-8d85-f1b13ffc6ba1,sandfish.money,available,11.98,38.98,medium,low,8,namecheap,,,22/09/2026 19:42
66f8a369-ea97-4bb8-8020-1e3b09385e4d,ocellated.money,available,11.98,38.98,medium,low,9,namecheap,,,04/09/2026 00:29
738a5454-11c1-41e1-8858-3c82890da648,carmine.money,available,11.98,38.98,high,low,7,namecheap,,,10/08/2026 15:02
0ce8ad9c-b28a-426d-bec3-2e474f4e9eb7,nautilus.money,resell,,,high,low,8,UM DOMAINS PTE. LTD,21/08/2026 15:15,21/08/2027 15:15,26/09/2026 07:43
200984b0-3a6c-451a-8d2d-62d124d4305c,abruptly.money,available,19.99,50.99,medium,low,8,name.com,,,13/08/2026 19:17
586fdad8-7cf0-46cd-9d56-9d7c337fe77d,tactful.money,available,11.98,38.98,high,low,7,namecheap,,,22/08/2026 15:49
cc3c0d29-ef50-4a5f-8dec-006380f4360f,brawny.money,available,11.98,38.98,medium,low,6,namecheap,,,11/08/2026 02:47
969cec88-54ac-4cc4-bd71-998d6901e838,asshole.money,available,11.98,38.98,medium,low,7,namecheap,,,08/08/2026 23:24
5c99f9f2-7a74-4f42-b68c-301fc2abcc5e,harassment.money,available,27.2,27.2,medium,low,10,cloudflare,,,27/09/2026 13:56
0968bf0f-f801-4fac-800f-ec2d5baad40b,teary.money,available,11.98,38.98,medium,low,5,namecheap,,,11/09/2026 09:50
17667a30-a42a-4b43-b802-ce1a28d760f3,visceral.money,available,11.98,38.98,medium,low,8,namecheap,,,10/09/2026 16:02
ce2b2eb3-7cfe-43d9-907b-cdae1a24c613,quixotic.money,available,11.98,38.98,medium,low,8,namecheap,,,09/09/2026 09:04
00d9aa52-1f23-437f-a3a6-641ea79ad74b,unquestionable.money,available,19.99,,medium,low,14,name.com,,,
6a1d9b57-6a04-4eb9-bb2d-32294a099888,implying.money,available,19.99,,high,low,8,name.com,,,
09c170d9-f121-449e-b638-abf193db938e,although.money,available,19.99,,medium,low,8,name.com,,,
6a0be24a-7073-4cbc-83e2-e22296337332,basics.money,resell,,,high,low,6,UM DOMAINS PTE. LTD,16/06/2026 15:16,16/06/2027 15:16,26/09/2026 04:17
adafeeb6-fb7e-4bea-ad3e-ec750e669584,publication.money,available,19.99,,high,low,11,name.com,,,
b70175f0-020f-4b07-8357-79de79f1a32c,halab.money,available,11.98,38.98,medium,low,5,namecheap,,,18/09/2026 05:12
1356228f-f3a9-4bcf-b211-cb5c04486f31,genital.money,available,11.98,38.98,medium,low,7,namecheap,,,18/08/2026 21:40
c582b8ad-7e16-4d7e-b0f4-618608abc9b5,defending.money,available,11.98,38.98,high,low,9,namecheap,,,13/08/2026 23:13
b60a6efd-533a-45c2-8319-f10e87580b84,december.money,available,11.98,38.98,high,low,8,namecheap,,,24/09/2026 21:09
cc35a1c7-2ebb-4204-b9d8-5f27dd360480,barge.money,available,16.99,35.99,medium,low,5,namesilo,,,22/09/2026 05:37
dfda1f3f-46f9-4ccd-8c7a-591b92235238,thereby.money,available,16.99,35.99,medium,low,7,namesilo,,,16/09/2026 08:39
eb339045-c19b-4970-853f-2b698d66a71f,roosevelt.money,available,16.99,35.99,medium,low,9,namesilo,,,19/09/2026 09:58
b4630642-96cd-4d44-9a26-448a6deb9cc4,spunky.money,available,11.98,38.98,high,low,6,namecheap,,,18/08/2026 00:49
63ff5193-0681-4d8b-9072-40df11ca702b,landless.money,available,11.98,38.98,medium,low,8,namecheap,,,22/08/2026 19:24
d787e871-54a4-4529-bcc5-a26670258fbb,aedes.money,available,16.99,35.99,medium,low,5,namesilo,,,17/09/2026 12:09
0a3f7e9a-8d8f-4b85-9585-c294a686509e,stunner.money,available,11.98,38.98,high,low,7,namecheap,,,22/08/2026 16:40
4f81697d-c8a4-4fef-ab35-1d62d49e1740,disease.money,available,19.99,,high,low,7,name.com,,,
03969df8-9d90-4825-ba84-41f2ae1b7e56,taxpaying.money,available,11.98,38.98,medium,low,9,namecheap,,,11/09/2026 09:32
a3999ca7-c153-4fd4-a161-f7a230725a13,attend.money,available,19.99,,high,low,6,name.com,,,
30f6ac5d-b124-4d8e-8a43-b237e5a44c15,making.money,resell,,,high,low,6,1API GmbH,07/03/2015 14:51,07/03/2027 14:51,26/09/2026 07:24
e7e3ca57-272d-4cbb-8a58-c58e8764d980,elisabeth.money,available,16.99,35.99,high,low,9,namesilo,,,25/09/2026 14:58
548b95e2-8af7-4981-bca8-a2364deb2c71,victims.money,available,11.98,38.98,medium,low,7,namecheap,,,18/09/2026 21:07
d8f0e806-6cdb-4e73-8220-8bd588d5040f,joyously.money,available,11.98,38.98,high,low,8,namecheap,,,14/09/2026 21:30
e1a25aa9-de19-4a7a-9c92-a2d08825be4a,antiphon.money,available,16.99,35.99,medium,low,8,namesilo,,,19/09/2026 14:56
32e35377-2a56-4945-961f-39cb3194eec8,freakish.money,available,11.98,38.98,high,low,8,namecheap,,,10/08/2026 09:56
92668077-d464-4940-a3e4-c875377e312b,inevitably.money,available,11.98,38.98,medium,low,10,namecheap,,,15/09/2026 08:09
1d58829a-ce81-4d87-b616-5602f844b067,indwelling.money,available,11.98,38.98,medium,low,10,namecheap,,,22/08/2026 03:37
fe1327ac-65b6-403f-bc68-1ebd72ba2bf0,macho.money,available,11.98,38.98,high,low,5,namecheap,,,11/08/2026 11:31
b10ee687-ebf0-4487-9952-2ae5334257ed,fluvial.money,available,11.98,38.98,medium,low,7,namecheap,,,18/08/2026 09:35
b0090be0-5845-46bd-8909-ec5e90245ed3,zealot.money,available,11.98,38.98,medium,low,6,namecheap,,,08/09/2026 02:10
a852ede3-8a64-4849-98a8-445294eca0d6,instructor.money,available,16.99,35.99,high,low,10,namesilo,,,28/09/2026 02:10
6b39a307-d595-4cac-842b-dd629cf49978,inclement.money,available,11.98,38.98,medium,low,9,namecheap,,,22/08/2026 01:31
f0f9f2b8-87ae-45f6-b803-f343cfe83ccc,twisting.money,available,11.98,38.98,high,low,8,namecheap,,,11/09/2026 21:52
324f4095-b66f-4fbc-acc3-e3331f4afa5e,intersection.money,available,19.99,,high,low,12,name.com,,,
4190c0cb-6909-4bc3-a2c2-8e0b371b0628,aiken.money,available,11.98,38.98,high,low,5,namecheap,,,17/09/2026 21:01
0f86edd1-e9ce-47c3-8036-0e5d896f3c5f,aunts.money,available,16.99,35.99,medium,low,5,namesilo,,,18/09/2026 15:51
dcbc0005-d6ad-4a15-9d25-8eaa4220e103,imposter.money,available,11.98,38.98,medium,low,8,namecheap,,,09/09/2026 04:57
4f1a316d-e29c-4114-8833-b308341c03ea,spheric.money,available,11.98,38.98,medium,low,7,namecheap,,,08/08/2026 10:16
ec5f66fa-551f-4a0a-a4d4-2cfda55456ad,volitional.money,available,11.98,38.98,medium,low,10,namecheap,,,13/09/2026 06:50
ea75445f-0a44-4a11-a28f-5affd050040b,brown.money,available,16.99,35.99,high,low,5,namesilo,,,23/09/2026 10:03
6e3e2d67-8bc0-46fa-8375-e60bccbf116a,nonzero.money,available,11.98,38.98,high,low,8,namecheap,,,03/09/2026 18:39
c6c953cb-8511-4a76-82dc-9fe73fe95001,nightstick.money,available,16.99,35.99,medium,low,10,namesilo,,,23/09/2026 16:38
eb49121a-4781-44a6-b759-6575e9253aa0,toothcare.money,available,19.99,,medium,low,9,name.com,,,
92dc9fa9-0411-421e-8a9f-5e6bb4c3b748,spay.money,available,11.98,38.98,medium,low,4,namecheap,,,03/09/2026 16:33
c2122638-ad25-4970-b4a7-58396206e91c,yourselves.money,available,19.99,,medium,low,10,name.com,,,
2f4fa28d-a794-48e1-bca0-ca28115daf13,applaud.money,available,19.99,,high,low,7,name.com,,,
8e835945-6992-4a4f-b30b-9584f836e90d,abseil.money,available,16.99,35.99,medium,low,6,namesilo,,,16/09/2026 17:39
a478920d-997a-4484-9226-a275aef37b10,indication.money,available,19.99,50.99,high,low,10,name.com,,,24/09/2026 21:52
f845be81-5b3d-4c4d-a011-02f2ce6b8cab,endogenic.money,available,11.98,38.98,medium,low,9,namecheap,,,17/08/2026 01:13
a1b60e48-cbc8-490a-9e2f-1b3df783ae8f,evaluative.money,available,11.98,38.98,medium,low,10,namecheap,,,06/08/2026 08:13
a5052ad9-da16-461e-9db3-0e419d665fe3,designed.money,available,16.99,35.99,high,low,8,namesilo,,,24/09/2026 06:34
8a04aa0d-d324-47a5-a5cb-cbadc870804d,tactile.money,available,11.98,38.98,high,low,7,namecheap,,,21/08/2026 00:02
be3c227a-ed80-4247-a110-6af4cfedf03a,breasted.money,available,11.98,38.98,medium,low,8,namecheap,,,11/08/2026 03:12
6f057491-eb08-4a38-9170-b8b783618492,scienter.money,available,11.98,38.98,medium,low,8,namecheap,,,16/09/2026 00:44
51a60731-d1e7-4cca-bee3-3c2607524847,fixedly.money,available,11.98,38.98,medium,low,7,namecheap,,,14/09/2026 18:44
43f0969f-bf7a-4be8-b3a9-67c4eece101f,proclaiming.money,available,19.99,,high,low,11,name.com,,,
37da2f92-b105-493a-a246-09b93ba2d873,salary.money,premium,118.8,118.8,high,low,6,namesilo,,,
e6de9e30-bca7-41a5-9398-13d9c9b7ae9d,auspice.money,available,16.99,35.99,high,low,7,namesilo,,,21/09/2026 04:36
a3a2f155-60ed-4ee5-8d77-70e8d6077ba4,glacial.money,available,11.98,38.98,medium,low,7,namecheap,,,18/08/2026 16:28
d371919f-a299-4889-b81f-868d536a45c4,ageing.money,available,16.99,35.99,high,low,6,namesilo,,,21/09/2026 22:43
38a55c45-b5be-4923-82a3-a112b044a13d,answering.money,available,16.99,35.99,high,low,9,namesilo,,,22/09/2026 05:38
c3c78761-aac1-4a1c-a994-8e7296664d77,attest.money,available,11.98,38.98,high,low,6,namecheap,,,24/08/2026 15:02
65023460-3486-44c2-a8ac-1af707d5de23,abort.money,available,16.99,35.99,high,low,5,namesilo,,,16/09/2026 16:38
132c1340-20be-458e-9658-f2c4083357c9,rubidium.money,available,16.99,35.99,medium,low,8,namesilo,,,20/09/2026 22:58
244937fd-4300-452a-8482-9b2821530e8e,advisedly.money,available,11.98,38.98,medium,low,9,namecheap,,,13/09/2026 17:38
91883b1f-ba46-4a00-9239-b5633f118f42,marching.money,available,27.2,27.2,high,low,8,cloudflare,,,28/09/2026 02:19
64f51512-ddf4-448f-8137-105ee0996269,phase.money,resell,,,high,low,5,"Spaceship, Inc.",16/12/2025 06:56,16/12/2026 06:56,26/09/2026 08:08
245ea2b2-d527-4855-9717-845786a9af61,favors.money,available,16.99,35.99,high,low,6,namesilo,,,18/09/2026 09:42
e334f1d0-3083-41e1-927e-727bec9a4e9a,centered.money,available,11.98,38.98,high,low,8,namecheap,,,12/08/2026 00:03
bb4c75a5-3437-47ae-ae91-3f6536084199,tacit.money,available,11.98,38.98,high,low,5,namecheap,,,11/09/2026 06:56
d5e36569-66a1-4c20-8753-1d3bde991eb6,tyler.money,resell,,,high,medium,5,Dynadot Inc,07/09/2026 17:00,07/09/2027 17:00,26/09/2026 09:49
8071f9ca-daad-4f30-8dfc-23851cdbadcf,plunge.money,available,11.98,38.98,high,low,6,namecheap,,,10/09/2026 19:52
f46816a9-1113-490e-beba-48e07c643809,lxxv.money,available,11.98,38.98,medium,low,4,namecheap,,,
1d2e959f-d21b-413e-861e-4edcf89621fc,nebraska.money,available,19.99,,high,low,8,name.com,,,
eb7ddc89-86cd-45bd-821c-2e7302028864,shitlist.money,available,16.99,35.99,medium,low,8,namesilo,,,24/09/2026 00:19
b553e5f5-e897-4385-8dd1-c57a75289171,infective.money,available,11.98,38.98,medium,low,9,namecheap,,,22/08/2026 04:14
77319ca4-bf56-43f3-8540-5903a1ddf58e,bounce.money,resell,,,high,low,6,"GoDaddy.com, LLC",27/05/2026 15:15,27/05/2028 15:15,26/09/2026 04:34
eb6c82d8-fda7-4409-8f7f-ae2d8f0ee5e0,hurts.money,available,27.2,27.2,medium,low,5,cloudflare,,,27/09/2026 23:53
4132c53d-3b04-431f-997a-a61d3f96e93a,disloyal.money,available,11.98,38.98,medium,low,8,namecheap,,,14/08/2026 11:36
1dac5f61-77c9-4cef-96d5-0abdc7a9a715,defection.money,available,11.98,38.98,medium,low,9,namecheap,,,19/09/2026 19:16
75189fa2-aefa-4db8-8ddd-035087d3b985,amiability.money,available,16.99,35.99,high,low,10,namesilo,,,17/09/2026 13:57
22915d6f-087c-4cc6-88af-408d4ad47608,sweetsop.money,available,16.99,35.99,medium,low,8,namesilo,,,19/09/2026 10:27
413938a7-a3ef-4781-95f7-8e7e5a9a98f3,indulgent.money,available,11.98,38.98,high,low,9,namecheap,,,22/08/2026 03:33
796aaee3-07a2-4bca-ac0b-561bdba9eb7a,restless.money,available,10.55,28.15,high,low,8,spaceship,,,27/09/2026 12:53
78036954-6074-44aa-8b84-5f8e0518170b,aggressor.money,available,16.99,35.99,medium,low,9,namesilo,,,17/09/2026 17:41
60c282ad-d29e-4afd-9715-66db9190300d,kerr.money,available,11.98,38.98,high,low,4,namecheap,,,25/09/2026 19:26
08896b24-e4c4-4511-9ebf-3c4ed5482389,extra.money,resell,,,high,low,5,1API GmbH,07/03/2015 16:00,07/03/2027 16:00,26/09/2026 05:58
1c0611a2-24e8-4175-98ee-3ae141e7f7b4,magdalena.money,available,10.55,28.15,medium,low,9,spaceship,,,28/09/2026 02:17
1157dffc-0324-4b5f-9391-d8dfb7679f87,clifford.money,available,11.98,38.98,high,low,8,namecheap,,,25/09/2026 14:06
4cb0473c-cedf-4a48-8065-7aa1c1bb566d,impellent.money,available,11.98,38.98,medium,low,9,namecheap,,,21/08/2026 22:03
29ad2582-94a1-46a8-ba04-9b38cba95bf9,often.money,available,19.99,,high,low,5,name.com,,,
642d36bf-6959-444c-a03f-b616ad97f82b,acted.money,available,16.99,35.99,medium,low,5,namesilo,,,27/09/2026 02:34
48c9143f-f2b7-4f16-b63b-820d7a2b3ceb,sorts.money,available,16.99,35.99,medium,low,5,namesilo,,,27/09/2026 10:13
356ee0be-d05d-4086-8707-640b08e33e39,septuple.money,available,11.98,38.98,medium,low,8,namecheap,,,10/09/2026 04:23
4deb2e9e-4fc6-4c7d-8079-91351cb97b2b,connolly.money,available,16.99,35.99,high,low,8,namesilo,,,25/09/2026 22:17
5c548bf6-ecda-489e-b19b-7d2a85642f16,plumy.money,available,11.98,38.98,medium,low,5,namecheap,,,18/08/2026 00:25
909b0551-7f39-4625-8b74-d861f833a01b,tram.money,available,11.98,38.98,high,low,4,namecheap,,,17/09/2026 12:49
b1e3d198-2224-42eb-b821-08eb1e490326,aquatic.money,available,11.98,38.98,high,low,7,namecheap,,,06/08/2026 10:45
d7aaf7a6-ee03-4e5a-9b71-3c1ce2cd3bc5,thinly.money,available,11.98,38.98,medium,low,6,namecheap,,,11/09/2026 13:26
5412da3a-b6e2-4d10-8c33-67beae1e4f33,cause.money,available,16.99,35.99,high,low,5,namesilo,,,24/09/2026 13:11
3bf0c46f-1460-4f67-ab72-1c295f12c488,stamford.money,available,11.98,38.98,high,low,8,namecheap,,,25/09/2026 16:33
4c435665-0488-4076-8da6-0827fcb704e4,hurried.money,available,11.98,38.98,medium,low,7,namecheap,,,21/08/2026 15:45
91190ec2-b0c2-42dd-844a-69447843225e,pet.money,available,11.98,38.98,high,medium,3,namecheap,,,09/08/2026 17:52
c4db0507-8c78-4f99-ad6d-c41264c54202,illative.money,available,11.98,38.98,medium,low,8,namecheap,,,21/08/2026 19:47
f0d3ee91-28b8-45ea-aef5-832ae093f8fd,drifting.money,available,11.98,38.98,high,low,8,namecheap,,,14/08/2026 19:13
c8d985a4-e397-419e-86d8-e10307b14154,barany.money,available,16.99,35.99,medium,low,6,namesilo,,,22/09/2026 04:13
2d1113d7-3a95-4233-9891-050747dfdc48,despicable.money,available,11.98,38.98,medium,low,10,namecheap,,,14/08/2026 04:00
6d7760cc-5a5c-4c58-b980-d0dd3625eafe,hobble.money,available,11.98,38.98,medium,low,6,namecheap,,,23/08/2026 13:26
b63497e4-a503-4534-8752-a5a4b8b807e2,escaped.money,available,11.98,38.98,medium,low,7,namecheap,,,07/08/2026 11:22
c9f13dcd-af38-46b4-9f22-14cca6dc8d48,solitary.money,available,11.98,38.98,high,low,8,namecheap,,,24/08/2026 08:55
de76c94f-1c8e-4750-b665-014aa277201d,abatement.money,available,16.99,35.99,medium,low,9,namesilo,,,16/09/2026 14:09
8f290c5e-d335-477d-ac1f-69b59bc5ad49,prisoners.money,available,11.98,38.98,medium,low,9,namecheap,,,25/09/2026 20:27
4b6f9c3b-d1ac-48bf-badc-6daa56041c1e,bailiwick.money,available,19.99,50.99,medium,low,9,name.com,,,21/09/2026 19:08
b898040d-57c3-413f-a6d7-cd449b722054,jagged.money,available,11.98,38.98,medium,low,6,namecheap,,,17/08/2026 12:32
f2538639-1af1-4fdd-a680-24b9c2838394,bends.money,available,11.98,38.98,high,low,5,namecheap,,,23/09/2026 07:50
890daf50-7a21-4e60-8c3f-ef70159e60e8,spineless.money,available,11.98,38.98,medium,low,9,namecheap,,,22/08/2026 08:58
e27291f3-f685-452e-a99a-81cd00c03589,aken.money,available,16.99,35.99,medium,low,4,namesilo,,,16/09/2026 13:08
743a3556-a91e-4ef6-a732-f1aa00781638,thither.money,available,16.99,35.99,medium,low,7,namesilo,,,16/09/2026 08:57
46ca71f0-d8a7-48fc-93fb-632d5fd181d0,undoubtedly.money,available,19.99,,medium,low,11,name.com,,,
d6bac05c-5418-45f8-8b6b-4ff5b84ae292,utilised.money,available,11.98,38.98,medium,low,8,namecheap,,,13/09/2026 00:07
17e8a05a-aadb-451f-9d91-74f491bab0a1,attender.money,available,11.98,38.98,medium,low,8,namecheap,,,07/08/2026 15:17
5ea460d9-1b02-4dd4-b732-446efe72112d,bedford.money,available,11.98,38.98,high,low,7,namecheap,,,25/09/2026 14:52
4b88dd34-87ea-432a-9667-78d12ad65579,recruited.money,available,11.98,38.98,medium,low,9,namecheap,,,18/09/2026 00:53
a6db8990-c7f8-4e9b-88c5-0244aefb5d67,dairy.money,available,16.99,35.99,high,low,5,namesilo,,,26/09/2026 00:42
3ee0f0be-9913-4b15-9c19-251abb71511e,unspoiled.money,available,11.98,38.98,medium,low,9,namecheap,,,12/09/2026 07:08
5900de08-a772-4671-b793-a3c73f60ed7a,dominating.money,available,11.98,38.98,medium,low,10,namecheap,,,07/08/2026 19:40
54172d96-8789-4350-ace9-48058d244136,smatter.money,available,16.99,35.99,medium,low,7,namesilo,,,24/09/2026 04:48
7495ee94-1d8a-4f63-9659-989c1cad955c,floury.money,available,11.98,38.98,medium,low,6,namecheap,,,18/08/2026 09:00
66aef1a6-d7ea-40cb-9c1c-4d2a57634856,clerical.money,available,11.98,38.98,high,low,8,namecheap,,,12/08/2026 10:48
2c362001-ac7a-4ce4-bbb5-1e738b9a0902,grumble.money,available,11.98,38.98,high,low,7,namecheap,,,20/08/2026 20:38
d7cf71f5-9059-47be-a8c8-8fe87e94558c,musky.money,available,11.98,38.98,high,low,5,namecheap,,,03/09/2026 11:33
656235f6-4a21-4256-9428-34333fb7f95b,told.money,available,19.99,,medium,low,4,name.com,,,
c67400c8-76d1-41ca-90a1-7c853cad354c,glazed.money,available,11.98,38.98,high,low,6,namecheap,,,20/08/2026 14:05
2f278783-f1ef-4bce-8704-de8ee773b3cb,bahraini.money,available,11.98,38.98,medium,low,8,namecheap,,,08/08/2026 08:36
6e13190f-8058-4983-b5b5-657c14dd0d02,brewer.money,available,16.99,35.99,high,low,6,namesilo,,,23/09/2026 01:41
0b304f30-0d60-42ba-a2de-7d9128572046,facet.money,available,19.99,,high,low,5,name.com,,,
f907722f-0f31-4884-aa0b-3abcdba98183,okra.money,available,16.99,35.99,high,low,4,namesilo,,,16/09/2026 15:04
9825051d-4bfa-43f1-a0ea-7927cef4fd1c,evidently.money,available,11.98,38.98,high,low,9,namecheap,,,08/09/2026 20:21
d93818f0-0a77-4da9-a1c0-79b10df75255,receptions.money,available,16.99,35.99,medium,low,10,namesilo,,,20/09/2026 06:10
abaa2917-9935-4742-b048-2f1da58d1d80,faint.money,available,11.98,38.98,high,low,5,namecheap,,,17/08/2026 21:01
0681c0d4-ac31-4a16-bf8d-48ca333d2312,mistakes.money,available,16.99,35.99,medium,low,8,namesilo,,,16/09/2026 10:20
24549a73-c923-4e67-ad2a-375e126ac884,tagged.money,available,11.98,38.98,high,low,6,namecheap,,,22/08/2026 17:17
0899a1f8-62fa-4e19-8246-433e570b4b4b,formulaic.money,available,11.98,38.98,medium,low,9,namecheap,,,18/08/2026 12:18
41b7a5d1-79f2-40dc-9b08-de3ba2d4acf1,characteristics.money,available,19.99,,medium,low,15,name.com,,,
941a5647-15e3-46cb-a292-ed56674cf773,required.money,available,11.98,38.98,high,low,8,namecheap,,,23/09/2026 18:27
0ef1a9e1-be2f-488f-bbb9-36a8156a4900,adornment.money,available,16.99,35.99,high,low,9,namesilo,,,17/09/2026 09:46
e2db6912-bb77-4f4f-a240-bc02fe041f34,affray.money,available,16.99,35.99,medium,low,6,namesilo,,,17/09/2026 14:43
ffa2a82f-7aa9-4622-945d-3e9c886a9e75,tabu.money,available,11.98,38.98,high,low,4,namecheap,,,18/08/2026 11:04
cc4aa71d-87a1-4dd5-95bb-3bee0f67ea0c,filming.money,available,19.99,,high,low,7,name.com,,,
d286cc6c-c04d-480d-84ff-8aebf9b6f62a,perchance.money,available,11.98,38.98,medium,low,9,namecheap,,,14/09/2026 02:12
f18c928d-137e-4a4d-be6c-957f9284f348,atar.money,available,11.98,38.98,medium,low,4,namecheap,,,20/09/2026 19:24
2c9de9b4-06e5-40f4-94c0-baf038d841ba,favorable.money,available,16.99,35.99,high,low,9,namesilo,,,24/09/2026 17:21
9cd4d184-aab9-4eca-a89a-6c48984041e6,plosive.money,available,11.98,38.98,medium,low,7,namecheap,,,04/09/2026 00:16
e0145e6a-5d16-4748-b679-0dc5ca5506ce,audiometer.money,available,11.98,38.98,medium,low,10,namecheap,,,21/09/2026 02:58
5a5f0bf5-ae97-4324-8457-85e12319c439,bat.money,resell,,,high,low,3,Dynadot Inc,04/01/2020 09:06,04/01/2028 09:06,26/09/2026 04:18
a08011fc-9723-4a25-a639-7780c2576d13,searing.money,available,11.98,38.98,medium,low,7,namecheap,,,10/09/2026 00:54
2e5c6fd7-51fd-4910-a267-f12515a94b80,syncopated.money,available,11.98,38.98,medium,low,10,namecheap,,,11/09/2026 06:19
977b69fd-a8e0-4997-a9f4-1cb27f6a8d28,refractive.money,available,11.98,38.98,medium,low,10,namecheap,,,13/08/2026 23:32
47d2bfbc-bfdd-4c54-927a-93c9571e6fdc,holey.money,available,11.98,38.98,medium,low,5,namecheap,,,21/08/2026 10:23
38036c9e-4308-491e-890d-1fd756dcd5b7,agrologic.money,available,11.98,38.98,medium,low,9,namecheap,,,
21a9e7d8-1bfb-43e1-ade3-57a5ce4f6e17,annexe.money,available,16.99,35.99,medium,low,6,namesilo,,,19/09/2026 10:24
262e7831-3045-4e00-8209-65dc1612cf9e,minimums.money,available,16.99,35.99,low,low,8,namesilo,,,20/09/2026 08:36
3ca5aac2-1218-4b6e-bf83-3daca2c1ede5,instrument.money,available,16.99,35.99,high,low,10,namesilo,,,24/09/2026 13:05
2a4ff5a0-b8e5-44b0-9c35-08afadef9d20,abactinal.money,available,11.98,38.98,medium,low,9,namecheap,,,
707c66ba-f453-4438-8075-b266651dc279,adiantum.money,available,16.99,35.99,medium,low,8,namesilo,,,17/09/2026 08:05
d2f69228-8938-4353-ba08-d55b192020b4,preceding.money,available,19.99,,medium,low,9,name.com,,,
993b6873-b023-4672-9911-787791377108,specimen.money,available,27.2,27.2,high,low,8,cloudflare,,,28/09/2026 03:06
5ce99fe9-6239-4ee8-b3ca-8acc56818c2e,voluminous.money,available,11.98,38.98,medium,low,10,namecheap,,,13/08/2026 00:30
b3c9ead2-c8c5-4a73-925a-ea92cb0ff1d3,downturn.money,available,16.99,35.99,medium,low,8,namesilo,,,24/09/2026 23:42
19fb360e-c703-4b90-9e59-34a21eba369b,trippingly.money,available,11.98,38.98,medium,low,10,namecheap,,,15/09/2026 11:20
e49c5c3a-ef74-4a60-bec4-48ed0771c1db,beaming.money,available,11.98,38.98,high,low,7,namecheap,,,09/08/2026 04:03
6259d5d1-c9e3-4f59-b20a-4a99751f21fb,mythologic.money,available,11.98,38.98,medium,low,10,namecheap,,,03/09/2026 12:33
fc1e0e8e-48b3-41e6-8a6d-4d529e589793,beth.money,available,16.99,35.99,medium,low,4,namesilo,,,23/09/2026 11:12
11b8aa2b-c2e4-4538-a5d4-4273ba1f57b9,inured.money,available,11.98,38.98,medium,low,6,namecheap,,,17/08/2026 10:01
abb25402-60dc-4636-b8f4-d218dc218930,equitable.money,available,11.98,38.98,high,low,9,namecheap,,,17/08/2026 11:54
83562b7c-82f6-4c9e-bae3-9927796ea65b,unrevealed.money,available,11.98,38.98,medium,low,10,namecheap,,,12/09/2026 08:09
21b50328-3ded-4dd8-aeb6-a389a03d2681,cynthia.money,available,11.98,38.98,high,low,7,namecheap,,,20/09/2026 10:13
b7db603c-4337-4b3c-b926-738972bfee57,playing.money,resell,,,high,low,7,1API GmbH,19/01/2016 04:01,19/01/2027 04:01,26/09/2026 08:12
f4d827f2-a8a0-48a2-b13f-8adef069f50a,groves.money,available,19.99,,high,low,6,name.com,,,
772344f6-9dac-4211-8772-0eebf38168f6,continually.money,available,19.99,,medium,low,11,name.com,,,
906c0bff-4abb-4a24-a07c-e3c7ada052c9,capt.money,available,11.98,38.98,high,low,4,namecheap,,,25/09/2026 12:23
60949921-e186-43cd-88d7-092daac74363,plug.money,resell,,,high,low,4,"Sav.com, LLC - 44",18/07/2026 15:15,18/07/2027 15:15,26/09/2026 08:13
e463a53d-d53b-46c7-9716-3e4b3c42cd78,aboulic.money,available,11.98,38.98,medium,low,7,namecheap,,,
500ea49a-d679-4aeb-8b59-c9458188aa2f,antrum.money,available,16.99,35.99,medium,low,6,namesilo,,,19/09/2026 15:46
77b46a25-c2d5-4f93-8bc7-35edb100117e,taciturn.money,available,11.98,38.98,medium,low,8,namecheap,,,11/09/2026 06:58
9f31f96c-34b3-4ebf-aed0-aba3ec2f4de6,forgetting.money,available,19.99,,high,low,10,name.com,,,
4671698f-de2a-4ad6-8b8b-68ad8d5f4eb2,skirting.money,available,16.99,35.99,medium,low,8,namesilo,,,20/09/2026 08:31
085ff6f2-cb87-45b0-97ee-710af727421a,fraternal.money,available,11.98,38.98,high,low,9,namecheap,,,10/08/2026 03:44
6ea82180-3450-4f25-aa43-3937ff53dc05,marmoreal.money,available,11.98,38.98,medium,low,9,namecheap,,,24/08/2026 16:12
1ce80f30-d0f8-4a2c-8b04-5d40148ebf52,allamanda.money,available,16.99,35.99,medium,low,9,namesilo,,,18/09/2026 09:50
fb77fe15-9e3a-4ecf-8317-12fb5769f3f5,naif.money,available,11.98,38.98,medium,low,4,namecheap,,,03/09/2026 12:52
23ded231-901c-4502-aa88-dc9599024c98,cuddly.money,available,11.98,38.98,high,low,6,namecheap,,,13/08/2026 10:11
d5375da0-b02d-4916-8380-99c071659f2b,firedog.money,available,16.99,35.99,medium,low,7,namesilo,,,19/09/2026 04:06
ab02b8c0-d43a-4119-87b3-b195ffdba9d2,angularity.money,available,16.99,35.99,medium,low,10,namesilo,,,19/09/2026 07:43
962c37cb-7603-40a3-a5c0-0d7e408651a2,oneself.money,available,19.99,,high,low,7,name.com,,,
9b1dd2a0-4d75-4eda-bdaf-0ff729a97193,infant.money,available,19.99,,high,low,6,name.com,,,
0ee12601-21b2-4607-b98b-d337fdb0bd29,prey.money,available,11.98,38.98,high,low,4,namecheap,,,27/09/2026 13:29
d2e98183-8bcc-425b-8e1f-fe9abcbc787f,unionized.money,available,11.98,38.98,medium,low,9,namecheap,,,03/09/2026 19:29
8c5ae58d-4159-4cb4-812e-7a3be8fbfc6e,shirley.money,available,16.99,35.99,high,low,7,namesilo,,,25/09/2026 13:56
929c80b7-dee4-4e69-99ab-34124eccdca4,structures.money,available,19.99,,medium,low,10,name.com,,,
13f4a8e8-db85-49b5-ae2a-d55b0312a54c,fijian.money,available,11.98,38.98,high,low,6,namecheap,,,18/08/2026 04:02
1af5e758-9bf8-46a1-829e-d9e0d16c2be8,custard.money,available,11.98,38.98,high,low,7,namecheap,,,24/09/2026 20:38
3b5e6766-8797-4990-8bdc-506156a13c54,discreet.money,resell,,,high,low,8,"Spaceship, Inc.",17/01/2026 21:42,17/01/2027 21:42,26/09/2026 05:35
a1225ec0-e6eb-4ddb-acc3-690553e58769,geeks.money,available,11.98,38.98,medium,low,5,namecheap,,,17/09/2026 16:02
0392b994-64ea-4195-bdde-969294f65ff4,troubles.money,available,11.98,38.98,medium,low,8,namecheap,,,27/09/2026 02:38
7dc2af13-d323-446c-b888-4374dd236822,tentacular.money,available,11.98,38.98,medium,low,10,namecheap,,,11/09/2026 11:35
f01c9fe3-7305-4ea3-b122-46c8ebaa7e69,frenetic.money,available,11.98,38.98,medium,low,8,namecheap,,,18/08/2026 14:17
7421dc25-2c58-482a-abab-9c83b1e6cea9,clustered.money,available,11.98,38.98,medium,low,9,namecheap,,,
1f2dfc6a-0d06-43ab-a771-79a213079283,clastic.money,available,11.98,38.98,medium,low,7,namecheap,,,12/08/2026 09:56
b277ad84-0a96-40a2-beab-716690c336ed,weismann.money,available,16.99,35.99,medium,low,8,namesilo,,,21/09/2026 03:48
5c74cec8-418a-48e1-b8c8-17359d04e6a5,drown.money,available,19.99,,medium,low,5,name.com,,,
2c3c0306-2a23-4619-9524-5164427e2d4d,fuss.money,available,16.99,35.99,high,low,4,namesilo,,,17/09/2026 09:21
2dfa537a-c1ae-4255-8c08-ae7125ec33e4,irwin.money,available,11.98,38.98,medium,low,5,namecheap,,,25/09/2026 20:02
e9cc7641-4378-4b23-8306-7edcd7dd18c1,bike.money,resell,,,high,low,4,Dynadot Inc,27/06/2026 17:00,27/06/2027 17:00,26/09/2026 04:25
43b488c4-0439-47bb-9334-f6f0a8271e89,clack.money,available,16.99,35.99,medium,low,5,namesilo,,,23/09/2026 23:30
8ce62162-d038-4487-b838-fbdbe22023af,prioritize.money,available,19.99,,high,low,10,name.com,,,
86f668a5-50f3-4a1d-b725-ecb2106a0add,annalistic.money,available,11.98,38.98,medium,low,10,namecheap,,,
067c09cc-58e5-4a01-a0ce-759f90e3ae7f,visible.money,available,10.55,28.15,high,low,7,spaceship,,,27/09/2026 19:29
81404961-6dc9-48b6-b691-1e0aeddfb4de,uncordial.money,available,11.98,38.98,medium,low,9,namecheap,,,12/09/2026 06:13
bca8a9f9-2790-43eb-ac31-8c1e1e406be3,ostensible.money,available,11.98,38.98,medium,low,10,namecheap,,,04/09/2026 18:29
85d866c7-88fc-416d-bc03-97b21f9b44a3,avidity.money,available,11.98,38.98,high,low,7,namecheap,,,21/09/2026 09:28
9bb725ea-c9ea-4f13-af66-bf34a6a81a19,tears.money,available,11.98,38.98,high,low,5,namecheap,,,24/09/2026 02:29
dedd82ca-a8b0-4af0-8287-d02f355b0703,azonic.money,available,11.98,38.98,medium,low,6,namecheap,,,08/08/2026 02:32
58e35bb9-e607-478f-8910-b371ae7de93b,postural.money,available,11.98,38.98,medium,low,8,namecheap,,,09/09/2026 00:40
17e3371b-de7d-49dc-a736-aaf1b466ecef,dystopian.money,available,11.98,38.98,medium,low,9,namecheap,,,14/08/2026 22:10
cef07f9f-c8f3-4d9c-8647-5438f7a5ba00,conserved.money,available,11.98,38.98,high,low,9,namecheap,,,12/08/2026 22:38
b043ca4a-6f73-4d7a-be98-42417757b198,dental.money,resell,,,high,low,6,Dynadot Inc,03/07/2025 07:47,03/07/2027 07:47,26/09/2026 05:29
7b04c179-2469-4d71-bc91-f523f5c1f156,mickle.money,available,11.98,38.98,medium,low,6,namecheap,,,25/08/2026 00:32
c0babda2-dece-4f96-a75e-92649649ecd8,alliaceous.money,available,11.98,38.98,medium,low,10,namecheap,,,
ca54db8f-d3ab-40cd-a44e-16882fb77de8,monastic.money,available,11.98,38.98,medium,low,8,namecheap,,,12/08/2026 11:57
60dfd23e-5250-495f-89f9-4b7802a7cf4a,decreasing.money,available,11.98,38.98,medium,low,10,namecheap,,,13/08/2026 22:12
10882429-1387-40df-8120-45317d7f9736,autonomic.money,available,11.98,38.98,high,low,9,namecheap,,,07/08/2026 20:52
28e7bc5a-987b-4734-8d15-21f8c1aca890,ancillary.money,available,11.98,38.98,high,low,9,namecheap,,,
c863f205-337e-4aaa-9ed7-c836979496f9,indian.money,resell,,,high,low,6,"Sav.com, LLC - 25",03/09/2022 13:15,03/09/2027 13:15,26/09/2026 06:50
71f8e1e5-338f-43b6-b960-cc8c0b584048,friendship.money,resell,,,high,low,10,"Sav.com, LLC - 5",08/03/2023 15:15,08/03/2027 15:15,26/09/2026 06:15
01251992-9bf7-4739-9403-5d5ef554e300,stole.money,available,16.99,35.99,high,low,5,namesilo,,,27/09/2026 05:29
3b6cb303-78fe-4452-a70c-1ed589d182a7,wholly.money,available,11.98,38.98,high,low,6,namecheap,,,
002877c6-038e-4380-8f3a-d20ec267f4ed,dissonant.money,available,11.98,38.98,medium,low,9,namecheap,,,07/08/2026 12:26
cc0e633b-c0a7-4b5f-8d36-3fbc785ecf62,deepest.money,available,19.99,,medium,low,7,name.com,,,
17247e15-2af5-4a75-9d8b-7dfc701f3e2b,strabismus.money,available,11.98,38.98,medium,low,10,namecheap,,,10/09/2026 17:49
65e53c66-f9cf-4191-8b53-8614cbdf83ab,illegally.money,available,11.98,38.98,medium,low,9,namecheap,,,15/09/2026 01:44
c2250331-9f60-4a33-943c-0e458105a3c9,bogus.money,available,11.98,38.98,medium,low,5,namecheap,,,08/08/2026 22:58
bf4ac10f-6a58-41d6-a8ff-e06e5a478291,nord.money,resell,,,high,low,4,,,,27/09/2026 18:56
cbb735f8-bfbb-467b-b701-79415a1eb1b1,absorption.money,available,11.98,38.98,high,low,10,namecheap,,,16/09/2026 18:19
7927f051-dc27-47c7-996c-dbad96c02ab0,xlvi.money,available,11.98,38.98,medium,low,4,namecheap,,,
29cb9897-4e4b-4d07-bfda-413225017fc5,gallican.money,available,11.98,38.98,medium,low,8,namecheap,,,18/08/2026 19:40
dfdf5e14-e8c6-4dec-b183-0b8d1cbb213e,taxonomic.money,available,11.98,38.98,medium,low,9,namecheap,,,11/09/2026 09:30
83420e17-b2bc-4bd3-a29c-765ec2ea0dfc,highway.money,available,19.99,,high,low,7,name.com,,,
c6ffa860-3f93-4cae-90c6-1a3fe2981804,cone.money,available,19.99,,high,low,4,name.com,,,
bab26bab-86df-4d4b-809f-e686927d1133,connie.money,available,16.99,35.99,high,low,6,namesilo,,,25/09/2026 12:17
589921f8-1f78-435d-8539-5a692285dc4f,hannah.money,available,16.99,35.99,high,low,6,namesilo,,,25/09/2026 11:24
b2f21674-6e6f-415b-8231-34b112d2d763,basseterre.money,available,16.99,35.99,high,low,10,namesilo,,,22/09/2026 12:18
c750717e-a78e-4533-99bd-1652315dc29f,arawak.money,available,11.98,38.98,medium,low,6,namecheap,,,06/08/2026 12:38
c379ff58-9bff-464e-8d5a-f5b1007d5450,enforced.money,available,11.98,38.98,medium,low,8,namecheap,,,17/08/2026 07:32
f4d4aa6e-ae66-418c-808b-6e224411ba03,ukrainian.money,premium,118.8,118.8,high,low,9,namesilo,,,11/09/2026 22:41
34322545-d429-4c8b-ac4e-b55332294f74,ahorseback.money,available,11.98,38.98,medium,low,10,namecheap,,,
10b56967-5bf8-4221-b415-b0e622b77b9d,curvy.money,available,11.98,38.98,high,low,5,namecheap,,,10/08/2026 20:32
7ebe1a1a-0984-438e-8538-a21f316afb79,deviance.money,available,16.99,35.99,medium,low,8,namesilo,,,16/09/2026 15:16
83d66b74-cbcc-4b33-9a3b-960e18ed85f6,instruments.money,available,16.99,35.99,medium,low,11,namesilo,,,25/09/2026 16:57
7179f1b3-7aca-4955-8be7-2f6c9f642d37,playlists.money,available,16.99,35.99,medium,low,9,namesilo,,,21/09/2026 09:24
bcef331f-0a97-44fe-aed9-73b9cfa20465,spirea.money,available,11.98,38.98,medium,low,6,namecheap,,,20/09/2026 17:27
21a223eb-40e9-49f2-878e-98fdbcc19aec,blowback.money,available,16.99,35.99,medium,low,8,namesilo,,,21/09/2026 15:28
3fd3a7cd-5eab-4e66-8abc-49186adccf22,numerous.money,available,11.98,38.98,high,low,8,namecheap,,,22/08/2026 23:01
4a92ed14-6a68-4e70-80ba-aa39f49510e1,rosy.money,available,11.98,38.98,high,low,4,namecheap,,,18/08/2026 09:27
89471bc3-2a28-413d-878e-87c144179f87,sepaline.money,available,11.98,38.98,medium,low,8,namecheap,,,10/09/2026 03:55
4f8a74d2-a4a7-4bc8-a5f5-7793400a37d4,accidental.money,available,11.98,38.98,high,low,10,namecheap,,,
d44ab66f-e288-4a2f-8f3e-cdb11f8e9f73,empirical.money,available,11.98,38.98,high,low,9,namecheap,,,16/08/2026 18:21
03d81222-aaea-4c77-9a01-5f6b8d89f075,nakedly.money,available,11.98,38.98,medium,low,7,namecheap,,,15/09/2026 16:02
61c722c4-b1f0-481d-b829-f1a75afa77e5,lighting.money,available,10.55,28.15,high,low,8,spaceship,,,27/09/2026 14:44
808ef344-9539-4b03-b362-27f04fbaef7e,atheism.money,available,11.98,38.98,medium,low,7,namecheap,,,20/09/2026 20:31
33327710-09ae-465e-916f-3d9bc9110c25,pillage.money,available,11.98,38.98,medium,low,7,namecheap,,,08/09/2026 21:56
77af1fa6-1e0a-42b7-972e-526621f38323,hawkish.money,available,11.98,38.98,medium,low,7,namecheap,,,21/08/2026 01:38
74cacf02-efa1-4be1-881c-cd3b9cdb08cf,brisken.money,available,11.98,38.98,medium,low,7,namecheap,,,11/08/2026 04:39
663ef822-a1d1-40e9-a8f0-3d2385d011eb,backboard.money,available,16.99,35.99,high,low,9,namesilo,,,21/09/2026 15:09
fc5f920d-dc74-4e7e-988e-91e6d89f0518,deciding.money,available,11.98,38.98,high,low,8,namecheap,,,13/08/2026 21:23
7cdd85da-c9bf-4f88-a646-cb29211a3d24,waybill.money,available,16.99,35.99,medium,low,7,namesilo,,,23/09/2026 16:05
7fcfa152-23b8-4026-a86f-bd05f58c9a79,search.money,premium,854,854,high,medium,6,namesilo,,,
8f03b588-a338-4145-a6b4-75ce4222a07c,champion.money,resell,,,high,low,8,Dynadot Inc,17/12/2025 04:43,17/12/2026 04:43,26/09/2026 04:51
192392ec-ed1c-4095-9803-5db61e4ad82e,inwards.money,available,11.98,38.98,high,low,7,namecheap,,,21/08/2026 23:32
d27d2fdf-c031-4615-ba06-14a55e3f7dde,sarcasm.money,available,11.98,38.98,high,low,7,namecheap,,,24/09/2026 13:16
b8388560-1fb6-458b-a2cf-6b85b14fef93,cockney.money,available,11.98,38.98,medium,low,7,namecheap,,,12/08/2026 14:58
c3fc02af-c507-4f15-8927-32e9c155ef4e,conducive.money,available,11.98,38.98,high,low,9,namecheap,,,12/08/2026 20:30
62776f61-a295-46d8-a1c7-ea50e95d8205,flogging.money,available,11.98,38.98,medium,low,8,namecheap,,,22/08/2026 20:16
20f4c0bc-27ab-42a6-a561-cf003ee0f19e,braided.money,available,11.98,38.98,medium,low,7,namecheap,,,11/08/2026 01:28
e7f06588-bc50-4ddc-9f5d-783cce28a481,sunbaked.money,available,11.98,38.98,medium,low,8,namecheap,,,
99c1d728-0ada-419a-90ea-eaa340f420b8,designers.money,available,16.99,35.99,high,low,9,namesilo,,,27/09/2026 02:12
7057c0d5-74d6-4306-b1e8-1ddd1ac4653b,errant.money,available,11.98,38.98,high,low,6,namecheap,,,17/08/2026 12:44
a14aee38-366e-4c51-ad6d-39da2a288521,canvasback.money,available,16.99,35.99,medium,low,10,namesilo,,,21/09/2026 10:51
172710ae-ef77-4225-a8ee-eb7a0cfc0c2b,bookstore.money,available,16.99,35.99,high,low,9,namesilo,,,24/09/2026 07:17
267f487b-00ef-4727-a2a3-cbbf9824d775,virginal.money,available,11.98,38.98,high,low,8,namecheap,,,13/09/2026 05:57
704e4575-663d-40d3-87fb-64bf602f0313,browne.money,available,16.99,35.99,high,low,6,namesilo,,,20/09/2026 10:27
165a67fe-0ac9-4247-a1c5-fa619d38edf1,eastward.money,available,11.98,38.98,high,low,8,namecheap,,,14/08/2026 22:48
69805da4-174f-4703-8787-721d32e9e6a3,diplomacy.money,premium,128.7,128.7,high,low,9,namecheap,,,
b3a8d227-876f-4e37-8d6f-78a1cdb9e3a2,allemande.money,available,11.98,38.98,medium,low,9,namecheap,,,18/09/2026 10:46
2672c1dc-a441-4bd7-92da-e354d44a7d4e,enjoying.money,available,11.98,38.98,medium,low,8,namecheap,,,25/09/2026 21:02
e32f7160-6de1-4c3c-b753-7a0fdd891274,amine.money,available,16.99,35.99,high,low,5,namesilo,,,18/09/2026 21:41
eff2529f-6d87-4e42-ba1a-47aaa78273d6,workaday.money,available,11.98,38.98,medium,low,8,namecheap,,,17/08/2026 14:58
3b2ac378-08d8-4999-86e2-4d62994814e4,armageddon.money,available,16.99,35.99,medium,low,10,namesilo,,,20/09/2026 06:29
66f38b40-1082-43d9-a38b-c9c091e8a600,brainwaves.money,available,16.99,35.99,medium,low,10,namesilo,,,20/09/2026 12:58
961fc618-a7fa-43f0-a0a2-69d9152abeed,soignee.money,available,11.98,38.98,medium,low,7,namecheap,,,10/09/2026 13:30
d7db28bc-93de-47ed-93c6-009435859597,supply.money,available,11.98,38.98,high,low,6,namecheap,,,23/09/2026 09:08
d5654e1d-ecef-4fe2-8016-4debc04c133f,propulsion.money,available,16.99,35.99,high,low,10,namesilo,,,17/09/2026 05:22
6a628c48-6657-450a-b91f-04d1edf769e2,gutsy.money,available,11.98,38.98,high,low,5,namecheap,,,20/08/2026 21:14
83942d73-c8a1-462c-acae-cf6e8200f1be,maudlin.money,available,11.98,38.98,medium,low,7,namecheap,,,09/08/2026 00:42
26cec251-9e73-4d0e-9b15-0559e4e271c0,missionary.money,available,11.98,38.98,high,low,10,namecheap,,,25/08/2026 01:48
f88659ae-0ffd-4636-b2b1-82605938ec8f,oysters.money,available,16.99,35.99,medium,low,7,namesilo,,,20/09/2026 03:31
bc5636e8-e082-4b56-b8e9-a1707bcdc883,wintertime.money,available,19.99,,high,low,11,name.com,,,
f5aa3a00-6c78-483e-97b0-5bfde52a544a,stormy.money,available,10.55,28.15,medium,low,6,spaceship,,,28/09/2026 01:11
4864d94c-79d4-43a8-866b-3bce6b872cf6,blacken.money,available,11.98,38.98,medium,low,7,namecheap,,,10/08/2026 11:10
8cf2957f-c65d-4e35-a2f4-1d350d5ef5e8,pigs.money,available,16.99,35.99,high,low,4,namesilo,,,25/09/2026 15:51
b5d5cba0-9b60-421e-b480-50ce1ea52c42,confidante.money,available,16.99,35.99,high,low,10,namesilo,,,24/09/2026 17:12
452cbe38-30b3-439a-9f50-d5469cc90104,curatorial.money,available,11.98,38.98,medium,low,10,namecheap,,,13/08/2026 11:03
10c0ffda-1e86-48b7-a307-376d725a58d5,cantabile.money,available,11.98,38.98,medium,low,9,namecheap,,,11/08/2026 17:38
131da587-cf47-401d-986f-189b4c304b4f,taiwan.money,available,,,high,high,6,,,,
546d1a3f-b174-4b62-85c4-aa2448194afa,arco.money,available,,,medium,low,4,,,,
7b5c8556-9a82-4363-8178-9719484229e2,dickinson.money,available,11.98,38.98,high,low,9,namecheap,,,25/09/2026 04:53
d72d92ef-c316-4b95-88fb-32634a49deb5,roman.money,resell,,,high,low,5,"NameCheap, Inc.",19/02/2026 23:36,19/02/2027 23:36,27/09/2026 02:43
ef70ebf7-dbee-4894-8453-e44dd7e4af8f,advantages.money,available,16.99,35.99,high,low,10,namesilo,,,17/09/2026 07:07
56f47fee-302d-43bf-a364-49e275c3becc,unshaven.money,available,11.98,38.98,medium,low,8,namecheap,,,12/09/2026 19:40
8bde6393-11f7-4598-87f3-d4c42446d8de,engrossing.money,available,11.98,38.98,high,low,10,namecheap,,,
f1035592-a476-42c9-bb00-280e6e765e5a,gracefully.money,available,11.98,38.98,high,low,10,namecheap,,,14/09/2026 21:54
978d8a48-6072-497c-a68d-4507ef332d72,loafer.money,available,11.98,38.98,medium,low,6,namecheap,,,14/08/2026 14:12
b4be371d-6c76-4ee6-9469-457d3d3bdb95,compute.money,resell,19.99,,high,low,7,"Spaceship, Inc.",06/06/2026 09:19,06/06/2027 09:19,26/09/2026 05:10
9a03bc09-79cc-4ff3-8cd8-b7ab6bc15485,areas.money,available,16.99,35.99,medium,low,5,namesilo,,,27/09/2026 10:01
09f1849b-14ef-409b-bf58-a26dc888778b,impeccable.money,available,11.98,38.98,high,low,10,namecheap,,,18/08/2026 00:09
d17dd559-6fa2-4d02-a249-6f001affbe31,saginaw.money,available,10.55,28.15,medium,low,7,spaceship,,,28/09/2026 03:02
215ba491-468d-4144-b475-ae0bdee5e46c,exclamation.money,available,19.99,,high,low,11,name.com,,,
8391b3c9-b91b-4db9-ab20-5702e6303331,puppy.money,available,10.55,28.15,high,low,5,spaceship,,,27/09/2026 15:27
c8d2189f-af53-4726-b45c-a0840603d854,brickly.money,available,11.98,38.98,medium,low,7,namecheap,,,11/08/2026 03:51
b78d25e7-f044-41c4-b3fb-21bad4661b53,bar.money,resell,,,high,low,3,Dynadot Inc,18/05/2026 17:00,18/05/2027 17:00,26/09/2026 04:16
e3f157a2-0fab-4126-8a99-c64819b45be3,whereas.money,available,19.99,,high,low,7,name.com,,,
863e84b0-e70e-4768-bb20-14c924234324,breasts.money,available,19.99,,medium,low,7,name.com,,,
280ac85c-e44e-4e83-90eb-3d6645491116,sugary.money,available,16.99,35.99,high,low,6,namesilo,,,19/09/2026 16:54
609bb69e-ce5d-4368-bcc2-16a9f065de58,familial.money,available,11.98,38.98,high,low,8,namecheap,,,17/08/2026 21:41
2376efe3-7827-47e0-93ad-90b0a947cd5f,containers.money,available,16.99,35.99,medium,low,10,namesilo,,,19/09/2026 01:32
857990b5-6378-4cdd-bc12-46d3b583175e,evansville.money,available,16,,medium,low,10,unstoppable,,,28/09/2026 01:52
ef200b6a-c32c-4baf-8ef6-c565eda3c447,housebound.money,available,11.98,38.98,medium,low,10,namecheap,,,21/08/2026 10:56
3a4a6b9b-c7f5-4ece-a142-61606d07664f,marguerite.money,available,16.99,35.99,high,low,10,namesilo,,,20/09/2026 04:58
b99a8069-fc98-4db8-ad63-ce09f6db75ac,cockcrow.money,available,11.98,38.98,medium,low,8,namecheap,,,11/09/2026 02:11
1ec9b9f4-e170-407b-af7e-bfa02c1c4af6,swot.money,available,11.98,38.98,medium,low,4,namecheap,,,10/08/2026 18:21
0c400780-470f-443c-8767-693e2e5bf435,amman.money,available,16.99,35.99,high,low,5,namesilo,,,18/09/2026 21:59
5c0a699e-2127-4aba-a6a3-50e145dc79f1,youngish.money,available,11.98,38.98,medium,low,8,namecheap,,,13/09/2026 14:49
f91c95d8-4b28-4c76-90dd-6c28c69601b3,lipitor.money,available,16.99,35.99,high,low,7,namesilo,,,21/09/2026 00:35
eb3701ed-7f87-4304-82cd-223a3a5255cb,moonstruck.money,available,11.98,38.98,medium,low,10,namecheap,,,24/08/2026 11:18
a6bbd6c0-3cf0-4cc0-941f-c44ad0d1d435,aids.money,available,19.99,,high,low,4,name.com,,,
8f5dd5c2-3787-4e26-b456-44f523fe48c8,gipsy.money,available,11.98,38.98,high,low,5,namecheap,,,10/08/2026 17:23
c31674a1-d328-4e47-a4a8-35d22add6512,downright.money,available,11.98,38.98,high,low,9,namecheap,,,14/08/2026 17:50
29b2ee88-89ba-4b63-b6e9-ac397cbdb20a,producing.money,available,19.99,,medium,low,9,name.com,,,
959ce3cd-9900-4ecd-8502-3f3d7c4f071d,description.money,available,19.99,,high,low,11,name.com,,,
82c72512-9e76-42b9-8086-85cfb135988a,idolized.money,available,11.98,38.98,medium,low,8,namecheap,,,
dbff56eb-769c-49d7-9f6e-6243b6e458e4,academism.money,available,11.98,38.98,medium,low,9,namecheap,,,16/09/2026 20:23
98250749-34d4-40b3-ada3-2cf13eb82715,thereabout.money,available,16.99,35.99,medium,low,10,namesilo,,,16/09/2026 08:39
be7b7232-5f88-4d8c-bd29-0d96efb1917b,salaried.money,available,11.98,38.98,high,low,8,namecheap,,,12/08/2026 19:23
71232e32-9145-41f2-b2df-d1edf0fb4e43,arguing.money,available,16.99,35.99,medium,low,7,namesilo,,,20/09/2026 04:50
d5f80ad6-c0a7-4e64-9cc1-a62de05ce7df,smoked.money,available,11.98,38.98,medium,low,6,namecheap,,,10/09/2026 11:53
548ca977-2ba2-4140-991f-5241c9452ef6,elegiac.money,available,11.98,38.98,medium,low,7,namecheap,,,16/08/2026 03:28
61592d45-a2ab-481d-98d5-074102110b5e,gamey.money,available,11.98,38.98,medium,low,5,namecheap,,,18/08/2026 19:57
03e4fce7-0a5e-4a83-a0f8-15370582d33e,attacking.money,available,16.99,35.99,medium,low,9,namesilo,,,27/09/2026 23:17
4205e698-b6ff-4e7a-a857-adec903c7cff,protester.money,available,11.98,38.98,medium,low,9,namecheap,,,14/08/2026 12:41
d2e41342-7e3c-4e0c-9e32-8cc82650d664,banal.money,available,16.99,35.99,medium,low,5,namesilo,,,22/09/2026 16:37
df569c44-6770-4d6f-8979-4a344551dc3a,bollock.money,available,16.99,35.99,medium,low,7,namesilo,,,21/09/2026 23:08
9e9560f8-969a-4f94-aed9-e19c0e6e3c20,sag.money,available,19.99,,high,low,3,name.com,,,
15770499-f5b0-419d-9769-2cd2fbfad0a1,duly.money,available,11.98,38.98,high,low,4,namecheap,,,14/09/2026 14:47
13ee651e-41bd-4124-bec3-6236040b0418,astringent.money,available,11.98,38.98,medium,low,10,namecheap,,,
615939c9-4849-40ae-801d-c6ec6352e818,bandy.money,available,11.98,38.98,medium,low,5,namecheap,,,08/08/2026 11:45
74e86548-b494-4044-a31d-11395250deb7,grabby.money,available,11.98,38.98,medium,low,6,namecheap,,,07/08/2026 21:58
d2cfece5-220f-4973-ad08-f6347240994b,appanage.money,available,16.99,35.99,high,low,8,namesilo,,,19/09/2026 16:11
2b8bcfdb-cdd1-42c8-9ec6-3fa170f780c4,superbug.money,available,11.98,38.98,medium,low,8,namecheap,,,23/09/2026 07:17
cbb2fdfb-5025-4c67-882d-02e628a2d1c7,dimorphic.money,available,11.98,38.98,medium,low,9,namecheap,,,14/08/2026 08:09
bd43573d-6280-40cf-b607-799729d09797,function.money,available,19.99,,high,low,8,name.com,,,
c8708b84-768a-4b4e-9828-e851d119c768,decision.money,available,16.99,35.99,high,low,8,namesilo,,,24/09/2026 17:06
14668ed9-283e-4f3a-95e2-0ffd6758be92,hunger.money,available,19.99,,high,low,6,name.com,,,
a1fc39d1-4ae4-44e0-ad47-93f261906ca9,spick.money,available,11.98,38.98,medium,low,5,namecheap,,,21/08/2026 20:46
24ab87b9-017b-4467-8ee9-87c8cb6a4e82,bulb.money,available,19.99,,high,low,4,name.com,,,
b381d024-728a-4c3b-af78-5291ccdba5b4,innate.money,available,11.98,38.98,high,low,6,namecheap,,,12/08/2026 21:44
95415dd6-9074-4372-b1f6-960667cd0dd2,coalition.money,available,19.99,50.99,high,low,9,name.com,,,18/09/2026 07:45
4ef890c3-9683-4736-96c3-65cd43ba14e1,abed.money,available,11.98,38.98,medium,low,4,namecheap,,,13/09/2026 16:13
cbbcf769-c8b9-4349-a29f-e3d3f4d65ab1,whereabouts.money,available,19.99,,high,low,11,name.com,,,
9b7dce52-4d2c-4e80-8424-5383b913f1b6,casualties.money,available,10.55,28.15,medium,low,10,spaceship,,,27/09/2026 21:53
77410323-777b-4ea2-8652-2915a834736b,campana.money,available,16.99,35.99,high,low,7,namesilo,,,23/09/2026 05:51
b9041b69-7d6e-4ff0-96a8-d22337670fdf,germans.money,available,16.99,35.99,medium,low,7,namesilo,,,27/09/2026 03:03
024e135e-5c9f-4006-8bf8-1d67ae61e62f,drying.money,available,16.99,35.99,high,low,6,namesilo,,,16/09/2026 09:24
f65cf4e1-8c1a-4712-921d-514b83697c61,bight.money,available,16.99,35.99,medium,low,5,namesilo,,,23/09/2026 15:12
0737d45a-fd8a-4844-b91d-8356c891391e,utmost.money,available,11.98,38.98,high,low,6,namecheap,,,24/09/2026 17:09
a62c35a6-4345-4ec3-86a3-ca00e4384783,semirigid.money,available,11.98,38.98,medium,low,9,namecheap,,,10/09/2026 03:19
a02aef39-66f0-4655-a04d-0092f493b70f,exploded.money,available,11.98,38.98,medium,low,8,namecheap,,,17/08/2026 18:28
c4162321-7327-4541-ae94-93cc767fbaff,antipodean.money,available,11.98,38.98,medium,low,10,namecheap,,,
9354dcfd-5f98-43ed-850d-d2a538511d14,triad.money,available,11.98,38.98,high,low,5,namecheap,,,
b8bd8d2f-b6d7-4e3e-a458-b0b0678a251c,dishes.money,available,16.99,35.99,medium,low,6,namesilo,,,27/09/2026 02:34
550fe824-7576-485f-a109-f2b162ce1519,dandified.money,available,19.99,50.99,medium,low,9,name.com,,,13/08/2026 17:01
128695f0-db6a-4ff9-9703-ebd5f18f0fba,alcidae.money,available,16.99,35.99,medium,low,7,namesilo,,,18/09/2026 04:02
afa0c84a-2f53-4cfd-8f0e-010f242dadf7,screeching.money,available,11.98,38.98,medium,low,10,namecheap,,,09/09/2026 23:59
39ec198e-db3f-48c9-a7ee-0b2f493c0097,shakedown.money,available,11.98,38.98,medium,low,9,namecheap,,,10/09/2026 05:40
61a5eb0f-e27c-451d-a584-835741ba8a57,courageous.money,available,16.99,35.99,high,low,10,namesilo,,,23/09/2026 02:25
3a0609f8-602e-462d-87c1-ec68ccb76cc4,handed.money,available,11.98,38.98,high,low,6,namecheap,,,20/08/2026 23:25
395a8098-bd91-42c8-8ecd-ec6f05cadcee,scold.money,available,16.99,35.99,high,low,5,namesilo,,,24/09/2026 16:34
fd9701c9-53d0-4c12-bba5-bbccad15de54,writes.money,available,16.99,35.99,medium,low,6,namesilo,,,17/09/2026 14:27
4d8a879b-5de6-42e3-9239-f2ae5e5c84ea,witnesses.money,available,11.98,38.98,medium,low,9,namecheap,,,25/09/2026 18:59
dff2c49b-be5c-4754-9007-6f28f94d2d15,stimulated.money,available,11.98,38.98,high,low,10,namecheap,,,10/09/2026 20:42
a73fd229-f3cf-4388-b1bb-5ca0e7e1d38e,uracil.money,available,11.98,38.98,medium,low,6,namecheap,,,11/09/2026 22:36
b874df03-2cf0-4540-ba86-1c464fce0190,idyllic.money,available,11.98,38.98,high,low,7,namecheap,,,21/08/2026 18:14
f7188b57-35aa-4b4c-8e2f-85b2a94f5a10,hides.money,available,16.99,35.99,medium,low,5,namesilo,,,18/09/2026 23:59
d392e2eb-9d79-44cc-807e-b1da7549e2b0,andiron.money,available,16.99,35.99,medium,low,7,namesilo,,,19/09/2026 04:06
5cf20cd8-f3c3-4f67-bbaa-ed692663b655,wastes.money,available,16.99,35.99,medium,low,6,namesilo,,,17/09/2026 07:45
a5327e48-550b-4f6a-839c-f287415d37f9,tongued.money,available,11.98,38.98,medium,low,7,namecheap,,,11/09/2026 17:08
cb5ff715-d4ae-40b7-a07d-221cbf50ea49,aviatrix.money,available,16.99,35.99,high,low,8,namesilo,,,17/09/2026 23:25
af0f9a17-b8b6-40fb-adf4-71f305921a10,angevin.money,available,16.99,35.99,medium,low,7,namesilo,,,19/09/2026 06:06
b05815b9-6d63-42da-9113-57d034b062ca,gjo.money,available,16.99,35.99,medium,low,4,namesilo,,,17/09/2026 05:37
678f1bdf-a198-48f9-90b2-76344015dd11,fabled.money,available,11.98,38.98,high,low,6,namecheap,,,17/08/2026 20:12
b6185732-b569-440d-9fc4-0c3320252b71,sufi.money,available,11.98,38.98,high,low,4,namecheap,,,11/09/2026 01:14
591236b4-01eb-4387-be98-a2e27e3b2e0c,cytologic.money,available,19.99,50.99,medium,low,9,name.com,,,13/08/2026 14:39
60a66178-012b-4854-829f-0e19146c9243,alton.money,available,16.99,35.99,high,low,5,namesilo,,,27/09/2026 07:13
88f09be4-73d1-466c-a180-c2820bcd3efe,exogenous.money,available,11.98,38.98,medium,low,9,namecheap,,,17/08/2026 17:33
dc761631-3404-4cc0-a7b6-07b5706af2a1,birdie.money,available,19.99,50.99,high,low,6,name.com,,,23/09/2026 20:41
ab7d87ad-1aee-4343-a336-7958eda4639b,competition.money,available,16.99,35.99,high,low,11,namesilo,,,25/09/2026 16:42
3f471b2c-5c42-4363-b4c3-22065f8e86c9,wingstem.money,available,11.98,38.98,low,low,8,namecheap,,,17/09/2026 04:57
cfbd49a1-0166-4a36-ac71-f31de5b8d188,proceeded.money,available,11.98,38.98,medium,low,9,namecheap,,,18/09/2026 01:36
8ffa0b0c-5cf6-4915-82a2-5efa884c59ac,belorussia.money,available,11.98,38.98,medium,low,10,namecheap,,,23/09/2026 04:27
64c7c786-24b6-4bf5-9cd8-4d250ea6ef44,beak.money,available,16.99,35.99,high,low,4,namesilo,,,22/09/2026 19:41
d05a3358-fe04-4da7-97c2-07b82d614305,unclipped.money,available,11.98,38.98,medium,low,9,namecheap,,,12/09/2026 05:25
55d99856-d37d-4a63-ac65-b40a0a47091a,drowsy.money,available,11.98,38.98,medium,low,6,namecheap,,,14/08/2026 18:05
decd9400-dc49-4c06-afce-121adca9ed04,adverbs.money,available,16.99,35.99,medium,low,7,namesilo,,,18/09/2026 21:42
10de5f07-e646-494b-aca3-a8a9acf28aec,amended.money,available,11.98,38.98,medium,low,7,namecheap,,,
5d8a9ee7-e5ed-4d78-a45b-164de6be50ee,pendent.money,available,11.98,38.98,medium,low,7,namecheap,,,08/09/2026 14:07
09117502-fc8c-4644-8279-6d9a4c8ff40e,adenosine.money,available,16.99,35.99,medium,low,9,namesilo,,,17/09/2026 07:32
41c32b1c-6e55-41fa-b7d7-cf1d44a4991f,colorise.money,available,11.98,38.98,medium,low,8,namecheap,,,12/08/2026 17:36
0e10132d-d812-4761-b74a-e4048b6d8a78,radon.money,available,16.99,35.99,high,low,5,namesilo,,,21/09/2026 00:00
e66d9ebf-9760-4c97-8190-5a67024b1ef3,liable.money,available,19.99,,high,low,6,name.com,,,
bd97cf42-73bf-4ae8-8dfb-b5936708d4eb,betel.money,available,16.99,35.99,medium,low,5,namesilo,,,23/09/2026 11:05
ba951474-69fe-4711-8d9e-c3f3f1069afd,unreal.money,resell,,,high,low,6,"NameCheap, Inc.",19/02/2026 23:36,19/02/2027 23:36,26/09/2026 09:53
097de25b-7cdc-4c17-85fa-1c0080b082a2,hurrying.money,available,11.98,38.98,medium,low,8,namecheap,,,21/08/2026 15:47
f4da5105-89c8-46b1-bb71-3c60d9e65512,picayune.money,available,11.98,38.98,medium,low,8,namecheap,,,18/08/2026 03:37
68da9d5e-4e86-41ab-b614-3ccab71fae57,crotchety.money,available,11.98,38.98,medium,low,9,namecheap,,,13/08/2026 08:25
f8db3f07-4f3b-4d26-90f2-0828970d5f77,anlage.money,available,16.99,35.99,medium,low,6,namesilo,,,19/09/2026 09:53
1bdde1a4-f937-4e8c-a27f-c652d1c08e1d,calf.money,available,19.99,,high,low,4,name.com,,,
1312354f-599c-40a4-90de-3274733b95f4,condition.money,available,19.99,,high,low,9,name.com,,,
82b5672f-a035-4787-b30f-de3e7d0f3f20,mcnamara.money,available,16.99,35.99,medium,low,8,namesilo,,,27/09/2026 08:09
6cc312ca-d006-473c-a784-933e811bc84b,mislabeled.money,available,11.98,38.98,medium,low,10,namecheap,,,25/08/2026 01:21
dfc8f5de-6170-4adb-88ea-9c3c49009d87,osborn.money,available,16.99,35.99,high,low,6,namesilo,,,27/09/2026 07:58
c30cb97e-296b-4bb4-b53c-3ba02e33e492,distinguished.money,available,19.99,,high,low,13,name.com,,,
37ba5887-dcca-4fbb-8e7b-cf26525b7382,epochal.money,available,11.98,38.98,medium,low,7,namecheap,,,17/08/2026 11:24
541e62dc-8a6b-400e-87cd-f3e6d00f2dd6,believes.money,available,16.99,35.99,medium,low,8,namesilo,,,19/09/2026 19:41
f9336224-3b3b-4b57-ad9d-c477aba03312,foliose.money,available,11.98,38.98,medium,low,7,namecheap,,,18/08/2026 10:11
4c8d8d09-1aea-4e56-83b8-1e6e8870af3e,nag.money,available,16.99,35.99,high,low,3,namesilo,,,24/09/2026 16:35
8952805c-7a94-407c-827d-1a2fd2e8fa1c,anodyne.money,available,11.98,38.98,medium,low,7,namecheap,,,
7cb60781-b608-443d-8bf2-e71b5decef35,travelled.money,available,19.99,,high,low,9,name.com,,,
8106a572-2743-436c-8630-4d297e208a39,tuscan.money,available,11.98,38.98,high,low,6,namecheap,,,11/09/2026 21:27
b80e1774-ceb6-4ba4-ad4f-30b71448d70c,semiformal.money,available,11.98,38.98,high,low,10,namecheap,,,10/08/2026 11:42
2f875d9c-b5e8-42ee-92c9-258e17127bae,gear.money,resell,,,high,low,4,Dynadot Inc,07/02/2026 17:00,07/02/2027 17:00,26/09/2026 06:20
bfad447b-eff2-4cdb-a8bc-7e172e7d39ae,fancied.money,available,11.98,38.98,high,low,7,namecheap,,,17/08/2026 20:17
bb39de04-56ab-4f4b-a23b-d89707c3f9e1,nutbrown.money,available,11.98,38.98,medium,low,8,namecheap,,,03/09/2026 23:14
04081dd9-be75-4c88-a7ec-780f302804fe,lubricious.money,available,11.98,38.98,medium,low,10,namecheap,,,24/08/2026 10:50
e10cc1e2-ee1e-4bc0-8e24-da07758f9447,emanuel.money,available,16.99,35.99,high,low,7,namesilo,,,25/09/2026 14:33
e17d5d17-a3a2-458f-b356-ff39aff9ed6b,urbanely.money,available,11.98,38.98,medium,low,8,namecheap,,,16/09/2026 10:27
a83e3252-2788-4eed-88f9-a3494873ed7e,motorbus.money,available,11.98,38.98,medium,low,8,namecheap,,,21/09/2026 05:59
85f8fff5-964f-48d8-8250-d712d9f5d0bd,invading.money,available,11.98,38.98,medium,low,8,namecheap,,,22/08/2026 02:12
d57408a6-4d22-4cee-8990-923d888582e8,lxiii.money,available,11.98,38.98,medium,low,5,namecheap,,,
3f35ee5f-eff2-4019-aebb-fa0c3e025211,vandalism.money,available,19.99,,medium,low,9,name.com,,,
07fcf3f9-3539-4908-b004-246c3358c463,amish.money,available,11.98,38.98,high,low,5,namecheap,,,18/09/2026 21:52
cddba9d2-9331-4f56-9e16-9d13518b9862,agnostic.money,available,16.99,35.99,high,low,8,namesilo,,,21/09/2026 23:11
7ed4c1e0-be4f-45e5-9280-b329d489a074,untethered.money,available,11.98,38.98,medium,low,10,namecheap,,,12/09/2026 21:16
bd90a1f9-91f9-4c59-a073-12fd849f850f,legs.money,available,19.99,,high,low,4,name.com,,,
2b2ff082-83a6-4d03-a7d7-f1fcf73fee46,undoable.money,available,11.98,38.98,medium,low,8,namecheap,,,11/09/2026 23:41
3d174e8e-be37-442e-8280-1db92c5ce6d8,lunched.money,available,16.99,35.99,medium,low,7,namesilo,,,21/09/2026 04:17
11155fd4-061e-4a98-b8d7-53b5aa35811b,whiskers.money,available,11.98,38.98,high,low,8,namecheap,,,22/09/2026 21:02
ffdd8c73-e694-43f3-be38-1cab43b18e38,admonition.money,available,11.98,38.98,medium,low,10,namecheap,,,17/09/2026 09:03
e0d2a749-5baf-4be2-96c4-535005a51c2b,lonely.money,available,19.99,,high,low,6,name.com,,,
7585d6a8-838b-4549-8500-251dfd3b7706,estimable.money,available,11.98,38.98,high,low,9,namecheap,,,12/08/2026 19:44
e06cfe99-0926-4367-86ad-db9921c3ac8c,yesteryear.money,available,11.98,38.98,high,low,10,namecheap,,,08/09/2026 10:02
1a4e43b1-f104-44c0-bc47-b3ee80b10df8,trickily.money,available,11.98,38.98,low,low,8,namecheap,,,14/09/2026 09:11
a7edccae-c224-4d8f-830d-1da8b371bb3e,bassett.money,available,16.99,35.99,high,low,7,namesilo,,,27/09/2026 07:09
6fe6dfc1-1b4f-404d-b16f-87849fac05a7,staring.money,available,16.99,35.99,high,low,7,namesilo,,,21/09/2026 22:19
8d23ccc2-7eb9-4fa6-b633-6a3e6c99328d,lesser.money,available,11.98,38.98,medium,low,6,namecheap,,,23/08/2026 00:24
a43263a5-471c-48ef-9b22-c2f0a307b8b9,baseplate.money,available,19.99,,medium,low,10,name.com,,,
5c11c3e1-7b65-4a28-b4d6-4d10168ab8ec,liveness.money,available,16.99,35.99,high,low,8,namesilo,,,19/09/2026 09:04
67e1f95f-cf50-4d83-9f0e-32bad8a8e128,upcountry.money,available,11.98,38.98,medium,low,9,namecheap,,,24/08/2026 22:37
c959e8f3-a8cf-43e9-bebe-56d77892066a,abnormalcy.money,available,16.99,35.99,medium,low,10,namesilo,,,16/09/2026 16:19
e178c75c-ffc1-41e2-9d93-de11c88e58b3,complaint.money,available,11.98,38.98,high,low,9,namecheap,,,25/09/2026 07:37
f38ddc8d-3bc3-4d18-8937-87a292788200,hammond.money,available,16.99,35.99,high,low,7,namesilo,,,25/09/2026 12:21
e7953287-0c21-4b52-aba4-3625d8d07155,because.money,available,19.99,,high,low,7,name.com,,,
99470f14-40cc-4193-9700-0cbe94a253f5,syntactic.money,available,11.98,38.98,medium,low,9,namecheap,,,11/09/2026 06:39
68f5d590-a16c-47df-9b6f-50559e840eb1,adventitia.money,available,16.99,35.99,medium,low,10,namesilo,,,17/09/2026 10:36
d5b5b8ce-2e7a-4de8-929d-ab5071459da4,lineal.money,available,11.98,38.98,medium,low,6,namecheap,,,23/08/2026 14:16
bd3a297b-6e3c-403e-89be-8a082782442b,inheriting.money,available,11.98,38.98,medium,low,10,namecheap,,,22/08/2026 05:04
63d13b91-e6f8-422c-8765-d9b56bdda587,palmar.money,available,11.98,38.98,medium,low,6,namecheap,,,04/09/2026 23:58
f6aae42f-1d40-45f3-9e9f-c4bd9ecb3220,autism.money,resell,,,high,low,6,Dynadot Inc,19/06/2026 17:00,19/06/2027 17:00,26/09/2026 04:09
624befdc-6984-4a72-b790-dca06fcd387d,potbelly.money,available,16.99,35.99,medium,low,8,namesilo,,,22/09/2026 17:43
6a314e4b-b763-446c-8b6a-f07835e7af08,radio.money,resell,,,high,medium,5,"Spaceship, Inc.",04/05/2021 13:26,04/05/2027 13:26,27/09/2026 09:31
3efda5c0-fe56-4212-b694-a3567cc34733,sickness.money,available,16.99,35.99,medium,low,8,namesilo,,,27/09/2026 04:31
048ef749-444a-481c-9d97-ba7ef6eac4d1,taboo.money,available,11.98,38.98,high,low,5,namecheap,,,18/08/2026 11:03
885c370f-0250-4aee-81b6-f7627e51d869,motorsport.money,available,16.99,35.99,high,low,10,namesilo,,,17/09/2026 06:38
d5f62a1f-19a6-41bc-886e-6e1a4495f18d,destined.money,available,16.99,35.99,high,low,8,namesilo,,,24/09/2026 06:55
2266547c-863e-472c-b9a3-b2e6bc183686,shitty.money,available,11.98,38.98,medium,low,6,namecheap,,,13/08/2026 05:14
5e0eaa4f-b5d7-4bc5-a29a-094241e32d2b,dryly.money,available,11.98,38.98,medium,low,5,namecheap,,,14/09/2026 14:21
1bf00554-6d7d-408b-a5a2-24eabdf83e40,northerner.money,available,11.98,38.98,medium,low,10,namecheap,,,13/09/2026 14:16
31820fbc-917e-4d86-a1e7-b1d4ac173b88,intramural.money,available,11.98,38.98,high,low,10,namecheap,,,22/08/2026 08:43
9fcf9b5d-67bb-471e-9d67-d17c776d7e08,determine.money,available,19.99,,high,low,9,name.com,,,
a36ad406-cc4d-48aa-8318-e253b6e446d1,fabric.money,resell,19.99,,high,low,6,Dynadot Inc,03/04/2026 21:45,03/04/2027 21:45,26/09/2026 05:59
4b60e50e-1726-45e4-b9e8-58780ed74f37,lindsey.money,available,11.98,38.98,high,low,7,namecheap,,,25/09/2026 19:35
ff5faf47-4770-4555-9b38-7212cf284f56,plentitude.money,available,11.98,38.98,high,low,10,namecheap,,,15/09/2026 20:35
556fbe88-1733-489d-aa88-81620c71b6ea,arrears.money,available,11.98,38.98,high,low,7,namecheap,,,20/09/2026 08:55
624cb499-5f2e-4b33-9860-362444a0783d,blather.money,available,16.99,35.99,medium,low,7,namesilo,,,24/09/2026 04:46
7dcda002-e1d7-411d-bf44-6e2531c84d8d,modestly.money,available,11.98,38.98,medium,low,8,namecheap,,,15/09/2026 15:13
5992ed01-e419-450d-9401-93fe353bf6d3,articular.money,available,11.98,38.98,medium,low,9,namecheap,,,06/08/2026 23:26
7b55909f-fecc-4d78-9134-358ddf4f2a60,appearance.money,available,11.98,38.98,high,low,10,namecheap,,,08/09/2026 12:55
167ea40e-634f-422d-8936-023d2c8af820,doctor.money,premium,118.8,118.8,high,low,6,namesilo,,,25/09/2026 09:30
6891e116-13d4-4bdc-b4ab-8f131c941516,abounding.money,available,11.98,38.98,high,low,9,namecheap,,,
7f38cdd7-0b3b-48fa-9b58-fcc530719c26,brandenburg.money,available,16.99,35.99,high,low,11,namesilo,,,27/09/2026 16:50
5a3737b2-fd64-4f6f-9105-d60b7dd1f95b,bahrain.money,available,,,high,high,7,,,,
98db540b-3dd8-4055-abae-4844690f9706,baisa.money,available,19.99,50.99,high,low,5,name.com,,,21/09/2026 19:36
e4b333e9-5d53-465e-8298-85136977a416,unscripted.money,available,11.98,38.98,medium,low,10,namecheap,,,12/09/2026 19:05
443ed403-d847-4066-b1b5-12a41fa944fd,orienting.money,available,11.98,38.98,high,low,9,namecheap,,,04/09/2026 17:56
7de57abb-15af-4cce-b829-52581661d101,oddly.money,available,19.99,,medium,low,5,name.com,,,
595d007c-c40f-499e-85e9-f21fb1b930ea,haptic.money,available,11.98,38.98,medium,low,6,namecheap,,,21/08/2026 00:01
b0e3ee97-79ee-4088-9b78-52e8c0edb55d,centuries.money,available,16.99,35.99,medium,low,9,namesilo,,,17/09/2026 04:43
cfec5ae7-fd6a-4352-a507-58b829469e7a,comprise.money,available,19.99,,high,low,8,name.com,,,
094bfe5e-2578-4698-a295-ce5d485e775b,bonfires.money,available,16.99,35.99,medium,low,8,namesilo,,,20/09/2026 12:29
798140b0-87f9-4293-99cb-33f9bdcbf4a2,pearls.money,available,16.99,35.99,high,low,6,namesilo,,,23/09/2026 09:03
0586d9c2-2398-4bcb-aa41-bffc330ab60b,apteryx.money,available,16.99,35.99,medium,low,7,namesilo,,,19/09/2026 22:37
1ceb3b17-de34-4765-aae9-9f80faf5cfcb,baksheesh.money,available,16.99,35.99,medium,low,9,namesilo,,,21/09/2026 15:52
3eb8e122-5506-4bcd-81a6-dfb260d0182b,awol.money,available,11.98,38.98,high,low,4,namecheap,,,08/08/2026 01:46
ae6f3c5b-241b-451c-9162-120a640335e8,zone.money,resell,,,high,low,4,"Spaceship, Inc.",24/07/2024 17:09,24/07/2027 17:09,26/09/2026 10:17
ac98cb08-7d46-4a4c-b61f-9db27568968c,trolling.money,available,19.99,,medium,low,8,name.com,,,
2a69a114-18c5-446a-8c11-2dc5cf4bc5ae,left.money,available,16.99,35.99,high,low,4,namesilo,,,25/09/2026 13:25
dbb7e174-ae6b-4841-972d-fcae48d31f0c,mao.money,available,19.99,,high,low,3,name.com,,,
d14372b3-6e06-49b3-a442-5bd74fb5f5b8,asparagus.money,available,16.99,35.99,high,low,9,namesilo,,,20/09/2026 14:40
2d9d64de-ca2e-4b8a-8ab0-c55883107e9b,ragamuffin.money,available,11.98,38.98,medium,low,10,namecheap,,,11/09/2026 09:09
a2dd823c-e14c-44b7-9802-95005f53b812,angling.money,available,16.99,35.99,high,low,7,namesilo,,,19/09/2026 06:50
457558d6-8cc4-49df-b3d4-bbf18f30e185,voguish.money,available,11.98,38.98,medium,low,7,namecheap,,,12/08/2026 04:42
a23647c5-7c1e-4594-94d8-ee96163c8f04,clockwise.money,available,11.98,38.98,high,low,9,namecheap,,,12/08/2026 11:33
bd661550-d21b-49d2-ab51-93ae0b331435,evidenced.money,available,11.98,38.98,high,low,9,namecheap,,,17/08/2026 15:00
a51843bc-d006-4ff5-8528-29a700d2bea6,yob.money,available,11.98,38.98,medium,low,3,namecheap,,,11/08/2026 08:46
b3710602-e6db-48c3-af75-492c1ab4d06e,rag.money,available,16.99,35.99,high,low,3,namesilo,,,24/09/2026 12:22
897c2af0-da3d-4195-b191-7489284f7f98,resistible.money,available,11.98,38.98,medium,low,10,namecheap,,,09/09/2026 15:20
8a7cdd22-9ecc-4191-b5e1-42bbca964c90,rejected.money,available,16.99,35.99,medium,low,8,namesilo,,,25/09/2026 11:50
78b18b83-c528-43ce-be07-294c57682a87,premiss.money,available,16.99,35.99,medium,low,7,namesilo,,,20/09/2026 16:38
d41d3585-6d90-4029-8e96-8e0d5d25d42b,chemic.money,available,11.98,38.98,medium,low,6,namecheap,,,12/08/2026 04:12
f7bbdec3-97e6-4b35-88bf-bf469921c480,winchester.money,available,27.2,27.2,high,low,10,cloudflare,,,28/09/2026 03:16
a1d71d26-a6ad-4e2c-9f02-94e309a8b422,charitably.money,available,11.98,38.98,medium,low,10,namecheap,,,14/09/2026 06:19
2f110b9e-8670-47b6-83a0-355af641ea02,skimpy.money,available,11.98,38.98,high,low,6,namecheap,,,10/09/2026 09:36
b789ea92-1bb0-48ce-94a0-064a7ba7dcd7,flimsy.money,available,11.98,38.98,medium,low,6,namecheap,,,18/08/2026 08:15
96b216e7-8ed0-459c-84c0-c86490fe6b91,dwarf.money,available,11.98,38.98,medium,low,5,namecheap,,,24/08/2026 22:31
4fc81c45-6280-460d-a0c2-435e83e5cd6c,anatomical.money,available,11.98,38.98,medium,low,10,namecheap,,,
6a958446-98a7-42ac-b879-36cd1dd2c5c0,chock.money,available,11.98,38.98,medium,low,5,namecheap,,,14/09/2026 06:47
d9cf7151-03e8-4998-9819-dd2daf032f8e,cooking.money,available,11.98,38.98,high,low,7,namecheap,,,08/09/2026 08:19
2a55826c-96e5-4340-80ac-bfd38c6fd136,determines.money,available,16.99,35.99,medium,low,10,namesilo,,,19/09/2026 23:58
d42fa4ac-3cab-4d35-a6f3-9d6f3eef5bd9,admass.money,available,16.99,35.99,medium,low,6,namesilo,,,17/09/2026 08:43
ed36ab3e-4cfc-44ce-b625-3e86673fa7e0,differed.money,available,16.99,35.99,medium,low,8,namesilo,,,20/09/2026 05:03
9192090a-e95c-47cb-952b-940a70ee9491,gal.money,available,19.99,,high,low,3,name.com,,,
53ce5d62-a64f-4fb5-83b2-d88796e644e7,interbrain.money,available,11.98,38.98,medium,low,10,namecheap,,,23/09/2026 11:55
4bd0313f-b1a9-4944-90fe-2f704562fd95,salon.money,available,16.99,35.99,high,low,5,namesilo,,,22/09/2026 22:23
3939d8d6-0869-4cc4-a440-ba198ebcf6fc,charlton.money,available,27.2,27.2,medium,low,8,cloudflare,,,27/09/2026 19:17
3bc8a8d6-2be8-4e46-8fee-7fde195cdf77,aromatic.money,available,16.99,35.99,high,low,8,namesilo,,,22/09/2026 08:02
44fd9118-dd86-4830-836b-d44752d29d17,blench.money,available,11.98,38.98,high,low,6,namecheap,,,04/09/2026 23:29
81241f85-1379-4133-a579-5a640e2bfbdc,continued.money,available,16.99,35.99,high,low,9,namesilo,,,23/09/2026 22:14
aea402bf-0d2f-4201-a31b-842a6e204f26,entire.money,available,11.98,38.98,high,low,6,namecheap,,,17/08/2026 09:57
3e1d6039-5a3c-44db-a97e-3bff18922f55,greenly.money,available,11.98,38.98,medium,low,7,namecheap,,,14/09/2026 22:19
42522817-32b4-43cc-bad8-0d4e0801f580,clothing.money,available,16.99,35.99,high,low,8,namesilo,,,23/09/2026 08:13
6825aa23-d26d-4210-a55d-c0f4241589a2,largo.money,available,11.98,38.98,medium,low,5,namecheap,,,22/08/2026 19:59
24ba2c5f-cf3c-4955-91ab-754af37501a8,glassed.money,available,11.98,38.98,high,low,7,namecheap,,,20/08/2026 14:07
cfe9f016-0b89-4fab-a093-620affe074ac,pedestrian.money,available,11.98,38.98,high,low,10,namecheap,,,08/09/2026 12:28
b932cf0c-93ec-42aa-9eea-3867941b2cf3,relocations.money,available,16.99,35.99,medium,low,11,namesilo,,,21/09/2026 08:41
838d357a-55fa-4390-880a-c0d3774790cb,clunk.money,available,11.98,38.98,medium,low,5,namecheap,,,11/09/2026 15:10
3aaa7146-db62-44dc-a8f8-90ed248ec6b5,affiant.money,available,16.99,35.99,medium,low,7,namesilo,,,17/09/2026 14:22
5da58130-1bc5-45a7-af28-237435af2dd2,gettable.money,available,11.98,38.98,high,low,8,namecheap,,,18/08/2026 23:02
4f155e73-35b2-4125-af7e-80ac8db51921,hundredth.money,available,11.98,38.98,high,low,9,namecheap,,,
508412e6-731f-406b-9f52-cacb0d6dd0b5,grooved.money,available,11.98,38.98,high,low,7,namecheap,,,20/08/2026 20:17
c795e6c1-8591-4cba-9cb0-7b7f494aeaf2,urgent.money,resell,,,high,low,6,Dynadot Inc,17/06/2026 17:00,17/06/2027 17:00,27/09/2026 06:05
324d38ee-6b72-4d8f-9072-eb859c12e9fd,gibe.money,available,16.99,35.99,medium,low,4,namesilo,,,22/09/2026 04:17
b9b2fe2f-68f9-4127-9e41-8cc07ccd54b0,aeneid.money,available,16.99,35.99,medium,low,6,namesilo,,,17/09/2026 12:28
25bc1071-45c7-4032-9100-3cbf6c75ad6f,measurably.money,available,11.98,38.98,medium,low,10,namecheap,,,15/09/2026 13:50
df400c7e-af08-4cf9-b4fa-fb3f4614638a,katabatic.money,available,11.98,38.98,medium,low,9,namecheap,,,11/08/2026 20:41
456fa9cd-949d-44bf-b6a4-c8459cc4858c,witches.money,available,10.88,29.01,medium,low,7,dynadot,,,27/09/2026 11:53
5b8492e8-4ea2-46a7-93a7-6355188183ee,kim.money,available,11.98,38.98,high,low,3,namecheap,,,25/09/2026 19:17
b37212e3-a1a1-41ef-81ad-30832dbf6970,creature.money,available,16.99,35.99,high,low,8,namesilo,,,22/09/2026 04:42
be6452f1-2079-4fc6-b6c8-6a90d74b2bd9,bonny.money,available,11.98,38.98,medium,low,5,namecheap,,,10/08/2026 18:45
b377ee43-893f-43ee-93a8-f3038600b2f9,billboard.money,available,,,high,low,9,,,,
cef5d06d-d82c-4d0b-a5d8-c19b95747dc1,relevance.money,available,19.99,,high,low,9,name.com,,,
04cc869a-eab1-4c4c-9c56-3fd063521966,williams.money,available,11.98,38.98,high,low,8,namecheap,,,23/09/2026 09:47
0ac9f2ff-6119-4da5-b460-ff7593c63c40,patristic.money,available,11.98,38.98,medium,low,9,namecheap,,,08/09/2026 10:38
8db9facf-0069-4b63-b022-665e5cdb7db9,fatally.money,available,11.98,38.98,medium,low,7,namecheap,,,14/09/2026 17:51
c1162159-cba1-447d-9d3b-013aba20408a,meredith.money,available,16.99,35.99,high,low,8,namesilo,,,25/09/2026 06:29
5aca786c-52f3-473d-ae98-86b1017e4ee1,echoless.money,available,11.98,38.98,medium,low,8,namecheap,,,14/08/2026 23:38
b006b078-2dd1-4d18-99fc-b298a049d2eb,kidnapping.money,available,16.99,35.99,medium,low,10,namesilo,,,25/09/2026 08:11
68a49d86-1a2c-4058-8d47-6d346d9897be,inquiring.money,available,11.98,38.98,high,low,9,namecheap,,,22/08/2026 06:19
3f3c6d04-cb01-441f-bcae-0fb0d89118c3,monkfish.money,available,16.99,35.99,medium,low,8,namesilo,,,18/09/2026 11:42
c0316d40-b18e-4a10-bb43-81705c994c0e,domain.money,resell,,,high,medium,6,"GoDaddy.com, LLC",26/01/2020 17:12,26/01/2027 17:12,28/09/2026 02:54
f4366958-6258-4812-a543-5fdafda9709c,utopian.money,available,11.98,38.98,high,low,7,namecheap,,,13/09/2026 00:12
724a33ba-b44b-4ff1-b0b2-c6fe038f66ab,unwitting.money,available,11.98,38.98,medium,low,9,namecheap,,,12/09/2026 14:24
afbb524a-80a1-4744-a816-f72b2704672c,athabascan.money,available,11.98,38.98,medium,low,10,namecheap,,,20/09/2026 20:23
4e535731-7fb7-42f7-9798-c87f42139700,tied.money,available,11.98,38.98,high,low,4,namecheap,,,22/08/2026 17:45
94d652ee-1937-46e4-88dc-2e73e5777855,finback.money,available,19.99,50.99,medium,low,7,name.com,,,21/09/2026 20:44
da71af64-2317-4ef4-8449-a76b25c094fd,surrender.money,available,19.99,,high,low,9,name.com,,,
d70a048a-d8e0-4806-bf32-1e297f430269,ballup.money,available,16.99,35.99,medium,low,6,namesilo,,,21/09/2026 23:27
35188103-c1a0-4fd0-815e-fc848332705b,externally.money,available,11.98,38.98,medium,low,10,namecheap,,,14/09/2026 17:11
ff8052a6-ec99-498c-bd6d-7bec01add367,fervent.money,available,11.98,38.98,high,low,7,namecheap,,,06/08/2026 16:14
04513aff-5c91-4b4f-a5a9-9ddb8f1d7a35,globular.money,available,11.98,38.98,medium,low,8,namecheap,,,08/08/2026 10:06
040f7a49-b8ac-4d96-978c-639bbca946a4,surefooted.money,available,11.98,38.98,high,low,10,namecheap,,,18/08/2026 10:50
b36b577f-7f08-4550-8a64-6ace29cf626b,beech.money,available,16.99,35.99,high,low,5,namesilo,,,23/09/2026 00:02
e402de6c-7ebc-439a-8135-6d29897fb4d0,forcible.money,available,11.98,38.98,medium,low,8,namecheap,,,18/08/2026 11:19
4efa553c-33c2-4702-a0ed-a8f22cff8103,terracotta.money,available,16.99,35.99,high,low,11,namesilo,,,17/09/2026 09:12
bde34326-5e17-4919-927e-00ebc444b4c6,affixal.money,available,11.98,38.98,medium,low,7,namecheap,,,
281e4fec-14df-455a-8aaf-5d011121c396,camping.money,available,19.99,,high,low,7,name.com,,,
dbc8264f-2f1c-4119-8907-b18f9805a653,calcium.money,available,16.99,35.99,high,low,7,namesilo,,,20/09/2026 22:32
703048c7-8d43-4cba-858e-70c58b9ba053,arouet.money,available,11.98,38.98,medium,low,6,namecheap,,,20/09/2026 08:30
d90efb31-b896-437d-bbc8-926979140c31,homophonic.money,available,11.98,38.98,medium,low,10,namecheap,,,21/08/2026 13:06
9311253b-6194-430b-ae80-79dc06db18b8,balk.money,available,11.98,38.98,medium,low,4,namecheap,,,14/08/2026 04:55
810fd700-9a85-4c1b-8b6a-d24907a4774c,religious.money,available,11.98,38.98,high,low,9,namecheap,,,09/09/2026 13:37
ef9ad1b9-1265-4c2a-9b75-fddbc5cbd522,immune.money,available,11.98,38.98,high,low,6,namecheap,,,21/08/2026 21:26
c866cee9-7218-4570-ac8a-137d6d18a6e2,hamburger.money,available,19.99,,high,low,9,name.com,,,
66bcb8e3-70bd-426f-af0a-dd7785877a15,papuan.money,available,11.98,38.98,medium,low,6,namecheap,,,05/09/2026 01:44
789cc7d7-3328-4ae0-b752-fcb894111afe,somehow.money,available,19.99,,high,low,7,name.com,,,
7eb62a42-ff78-41f2-ad37-8723099f4cc9,children.money,available,19.99,,high,low,8,name.com,,,
686208df-a44d-41f9-9f71-5f2b8be5c5a7,stretchout.money,available,16.99,35.99,medium,low,11,namesilo,,,17/09/2026 05:03
6ec21a00-ccad-4e5b-8c40-479f1ac57f56,baptistry.money,available,11.98,38.98,medium,low,9,namecheap,,,22/09/2026 03:28
726a02db-4cc9-493d-b254-a8d8f8b4bc80,convivial.money,available,11.98,38.98,high,low,9,namecheap,,,12/08/2026 23:53
b02b2ef5-2945-494d-bbb0-8d6da7dc1af4,restaurants.money,premium,128.7,128.7,high,low,11,namecheap,,,24/09/2026 21:11
ebf428fd-11c1-4f42-8d66-f01192b9a75c,quaternity.money,available,11.98,38.98,medium,low,10,namecheap,,,
00311ad9-a38c-41bb-8d83-1f242d759317,taxa.money,available,11.98,38.98,medium,low,4,namecheap,,,25/09/2026 17:29
33062c1d-b1db-4e07-8f18-4b0894459d9c,grinder.money,available,11.98,38.98,medium,low,7,namecheap,,,25/08/2026 03:40
066c7313-6185-4eb1-bdce-46a40468b534,yuck.money,available,19.99,,high,low,4,name.com,,,
fc2a7ccf-3839-4b38-b6e4-9376df61af2e,earthbound.money,available,11.98,38.98,medium,low,10,namecheap,,,14/08/2026 22:37
c2f8a72b-9c15-4baa-80bc-37095fe493ce,neglect.money,available,19.99,,high,low,7,name.com,,,
354a39ec-055b-4336-a2b2-60783d15b361,ritzy.money,available,11.98,38.98,high,low,5,namecheap,,,09/09/2026 18:04
22275301-e96f-47e4-803a-6a1621b52b3c,licensed.money,available,16.99,35.99,high,low,8,namesilo,,,19/09/2026 16:56
ce22f190-690c-40f5-928c-b4cb30482bd2,variably.money,available,16.99,35.99,medium,low,8,namesilo,,,16/09/2026 10:46
e86897f3-16d1-4c2d-9bc2-7bf162fcb0d1,usa.money,resell,,,high,medium,3,Dynadot Inc,30/04/2024 17:00,30/04/2027 17:00,26/09/2026 09:54
efbbdd64-1c46-44d0-99d6-ac092a8235ab,canty.money,available,11.98,38.98,medium,low,5,namecheap,,,11/08/2026 17:46
38522178-153b-4813-becf-a98722544463,discomfort.money,available,19.99,,high,low,10,name.com,,,
4e904b05-c9b3-4c00-83e9-0b45a2a1b074,practically.money,available,16.99,35.99,medium,low,11,namesilo,,,25/09/2026 11:39
ba045a24-4085-4111-9d0a-4ac008260bd2,anzac.money,available,11.98,38.98,medium,low,5,namecheap,,,19/09/2026 16:00
09b6d39a-c6bb-4971-b6fb-360b737d6824,manky.money,available,11.98,38.98,medium,low,5,namecheap,,,24/08/2026 15:12
360cd8f4-ca1a-46ac-aa78-68a562d78bd4,update.money,available,27.2,27.2,high,low,7,cloudflare,,,28/09/2026 03:15
fdfc8dfb-183a-4734-a1d5-2358810b2c7c,infected.money,available,11.98,38.98,high,low,8,namecheap,,,22/08/2026 04:09
d0810886-2343-4f12-b4e6-00100fd9a0ca,indentured.money,available,11.98,38.98,medium,low,10,namecheap,,,06/08/2026 08:34
bc5303fc-480c-4a7d-ad82-2436b302dd3b,illogical.money,available,11.98,38.98,medium,low,9,namecheap,,,14/08/2026 11:22
19ed5163-cdac-4c4a-abaf-0f2683494410,session.money,available,19.99,,high,low,7,name.com,,,
34ea3bb2-98e4-487e-9bb5-f2b9c0d93751,week.money,available,19.99,,high,low,4,name.com,,,
4b48943c-d6e1-488c-9e22-3fecbbd38be5,trepid.money,available,11.98,38.98,medium,low,6,namecheap,,,11/09/2026 16:07
68369531-c91e-495c-b7d6-0333861152f4,hereafter.money,available,11.98,38.98,high,low,9,namecheap,,,18/08/2026 19:10
84ca25d0-5d33-4f3a-8584-c84d86ba3cb4,arachnoid.money,available,11.98,38.98,medium,low,9,namecheap,,,06/08/2026 11:41
06bcc8a9-611e-47fd-9188-c69dfc16b719,cerebral.money,available,11.98,38.98,high,low,8,namecheap,,,12/08/2026 00:30
d82011e2-8713-43d1-8eb3-4afbb2fa2479,muffle.money,available,19.99,50.99,medium,low,6,name.com,,,13/08/2026 16:49
37bc5d50-2f51-4a69-976d-7c909ac645aa,widow.money,available,16.99,35.99,high,low,5,namesilo,,,27/09/2026 05:54
9aaad3a3-c1ae-4b66-8bdb-14f38c0008ce,tragedy.money,available,16.99,35.99,medium,low,7,namesilo,,,24/09/2026 11:39
6d60dc92-c6bf-425f-bd5f-bf383a83acd7,berne.money,available,16.99,35.99,high,low,5,namesilo,,,23/09/2026 09:45
a0d9957b-1dc2-40d8-9380-025a67edced1,farthest.money,available,16.99,35.99,medium,low,8,namesilo,,,24/09/2026 17:05
f4525c78-1039-4250-989a-73b4409409c1,hem.money,available,11.98,38.98,medium,low,3,namecheap,,,17/09/2026 20:18
fb338b29-eac1-4e99-8146-8876ce72c134,amon.money,available,11.98,38.98,high,low,4,namecheap,,,18/09/2026 18:27
2eca7857-5d85-42e1-9683-c2576fdff34a,menopausal.money,available,11.98,38.98,medium,low,10,namecheap,,,24/08/2026 20:15
0820fbda-36b7-4676-99a1-b50ca0140ad6,impossibly.money,available,11.98,38.98,medium,low,10,namecheap,,,15/09/2026 04:27
4c5691bc-c6be-4b73-be48-83634642c969,abidjan.money,available,11.98,38.98,high,low,7,namecheap,,,16/09/2026 15:38
cb14d2a4-569e-40e5-bc51-3464124f0857,tramontana.money,available,11.98,38.98,medium,low,10,namecheap,,,11/09/2026 18:50
7696134d-440a-45bf-94cd-89a596190bd9,rand.money,premium,118.8,118.8,high,low,4,namesilo,,,21/09/2026 10:39
5165e54d-959c-4297-9b0b-7934063dcab1,aluminium.money,available,16.99,35.99,high,low,9,namesilo,,,18/09/2026 00:20
7a88f710-8847-4c6a-a679-8070c55df755,collection.money,resell,,,high,low,10,Dynadot Inc,13/08/2026 17:00,13/08/2027 17:00,26/09/2026 05:06
156f9a33-9d87-486f-97b8-0d7e6659bef0,customise.money,available,19.99,,high,low,9,name.com,,,
bc77d7d7-2f2f-4172-aec4-817b36b6ef6d,protestant.money,available,11.98,38.98,high,low,10,namecheap,,,09/09/2026 04:08
226211cd-8982-43a2-8c87-78b8165bfe63,unblushing.money,available,11.98,38.98,medium,low,10,namecheap,,,10/09/2026 05:55
d5a00470-4b18-405a-b067-e330efda9772,massages.money,available,16.99,35.99,medium,low,8,namesilo,,,20/09/2026 09:22
de48c2e6-0eff-4d02-a818-447f0ec04ed8,flowering.money,available,11.98,38.98,high,low,9,namecheap,,,18/08/2026 09:02
2b764de7-b5c3-4059-92bd-c9fd38259f9a,unfunny.money,available,11.98,38.98,medium,low,7,namecheap,,,12/09/2026 11:05
2ac92c7e-a643-4e33-aa46-42cd59868336,gave.money,available,19.99,,medium,low,4,name.com,,,
bfac0541-006b-42f5-961f-34978fbc103a,backgrounds.money,available,16.99,35.99,medium,low,11,namesilo,,,20/09/2026 22:12
c2522844-9244-464b-a924-3a6489cfb7b8,sissified.money,available,11.98,38.98,medium,low,9,namecheap,,,12/08/2026 08:41
ac63650a-4e2b-4b1d-848b-0bf515c38799,figurative.money,available,16.99,35.99,medium,low,10,namesilo,,,19/09/2026 14:22
c91c94b5-4659-4af7-8060-dfa10764b68a,colourise.money,available,11.98,38.98,medium,low,9,namecheap,,,12/08/2026 17:38
4279cddf-e830-47e3-a38d-28b3e5d1826c,acre.money,available,19.99,,high,low,4,name.com,,,
33860e49-3e33-40a7-90c2-3df8a0a397fd,hindustani.money,available,11.98,38.98,medium,low,10,namecheap,,,21/08/2026 09:35
2d367ab8-4e5e-4af2-adad-92a50dfc3050,orangish.money,available,11.98,38.98,medium,low,8,namecheap,,,04/09/2026 17:26
1a7f05b2-c961-4500-a318-8c186b935797,stoker.money,available,16.99,35.99,medium,low,6,namesilo,,,16/09/2026 16:53
9fb98c7b-c3f6-4d77-bb68-ef942f9c3702,apsidal.money,available,11.98,38.98,medium,low,7,namecheap,,,06/08/2026 10:18
a46ac2c3-55e9-41a4-b5b4-03790e3a8620,whatnot.money,available,11.98,38.98,high,low,8,namecheap,,,25/09/2026 15:23
573f8678-6a38-447a-bdc5-aaff922fc72c,nutritious.money,available,16.99,35.99,high,low,10,namesilo,,,19/09/2026 11:02
b0fbf3ab-c270-4bb3-ade1-a878edd4add1,neither.money,available,11.98,38.98,medium,low,7,namecheap,,,03/09/2026 15:18
83ee23ca-fc90-4198-8952-6ddf8aa0f2de,south.money,resell,,,high,low,5,Dynadot Inc,08/09/2026 17:00,08/09/2027 17:00,27/09/2026 23:56
c980bf75-675c-4f22-bb74-ec575fe637a6,unentitled.money,available,11.98,38.98,low,low,10,namecheap,,,12/09/2026 09:07
e26a15fe-7330-4a4d-93da-4a1657d4873a,leader.money,resell,,,high,low,6,Dynadot Inc,03/04/2024 17:00,03/04/2027 17:00,26/09/2026 07:10
44a2a668-637b-4931-958f-eea06fb08b7c,grindle.money,available,11.98,38.98,medium,low,7,namecheap,,,18/09/2026 21:21
f1c5a454-d10a-4555-8f6c-2897aacf14f6,navigation.money,available,11.98,38.98,high,low,10,namecheap,,,10/09/2026 00:36
09439711-d36b-47b6-81f6-4282a94ef28f,arduous.money,available,11.98,38.98,medium,low,7,namecheap,,,06/08/2026 16:40
e3cc7b14-4c46-426f-bde7-861313e64b00,ten.money,resell,,,high,low,3,"GoDaddy.com, LLC",13/11/2023 14:38,13/11/2026 14:38,26/09/2026 09:33
10b7891b-358d-4082-8395-f77eb74bf777,babel.money,available,16.99,35.99,high,low,5,namesilo,,,21/09/2026 12:37
666ddd29-49e7-4f0b-bcee-d9c8dadf3021,constants.money,available,16.99,35.99,medium,low,9,namesilo,,,21/09/2026 01:13
a066c7ca-2d43-4a96-bc61-2e187236cb8c,preacher.money,available,10.55,28.15,high,low,8,spaceship,,,27/09/2026 15:23
07ed2a2f-071c-49fc-be62-5530bd2c9e8d,unique.money,resell,,,high,medium,6,"Spaceship, Inc.",22/02/2023 17:03,22/02/2027 17:03,26/09/2026 09:51
6de4f9dd-4400-4d44-aee2-2b1ffa9ada28,undersexed.money,available,11.98,38.98,medium,low,10,namecheap,,,12/09/2026 07:31
a4070fed-fc6c-4746-bdb0-1b0f5358ab37,upturned.money,available,11.98,38.98,medium,low,8,namecheap,,,04/09/2026 21:58
11bd68eb-24c1-4846-9317-3ce9c07d8014,undesigned.money,available,11.98,38.98,medium,low,10,namecheap,,,12/09/2026 07:46
504e3a5a-b220-453c-86a9-ba21bc205023,lara.money,available,11.98,38.98,high,low,4,namecheap,,,27/09/2026 19:35
739edb11-6e91-455b-a296-5aff2c357070,preparing.money,available,16.99,35.99,high,low,9,namesilo,,,27/09/2026 06:40
c2e9fd60-373f-4ddc-ba2c-a74796887537,slowest.money,available,11.98,38.98,medium,low,7,namecheap,,,16/09/2026 02:44
9558b8fd-1c52-435d-9929-1b67193a9a06,exegetic.money,available,11.98,38.98,medium,low,8,namecheap,,,17/08/2026 16:59
5a103a93-5260-4649-ba8a-583b2668ea81,wrinkly.money,available,11.98,38.98,medium,low,7,namecheap,,,13/09/2026 13:47
6ff38fa1-4d23-4862-a71a-daeb0253f222,heighten.money,available,11.98,38.98,high,low,8,namecheap,,,12/08/2026 19:31
88399016-4f68-434f-be9c-a0efb05566cc,relapsing.money,available,11.98,38.98,medium,low,9,namecheap,,,09/09/2026 16:17
eaa7e44a-b9ce-447a-a660-53ed8f6f9a65,reaching.money,available,16.99,35.99,high,low,8,namesilo,,,20/09/2026 09:16
b07e809d-31c9-4fdd-9b55-b949631f0b42,trace.money,resell,,,high,low,5,Dynadot Inc,15/09/2022 13:15,15/09/2027 13:15,26/09/2026 09:42
ddf690e2-7d8c-48c4-88d1-0460b4d8567a,pelagic.money,available,11.98,38.98,medium,low,7,namecheap,,,04/09/2026 00:27
02f9a16c-6168-4230-8277-6c09ab93539e,jabiru.money,available,16.99,35.99,medium,low,6,namesilo,,,23/09/2026 23:50
da5c8e3e-b068-4c5c-8d70-ac33ffad9f4f,yawning.money,available,11.98,38.98,high,low,7,namecheap,,,13/09/2026 14:18
269659a7-7dca-4450-a1f6-94e0f89ddfab,modesty.money,available,19.99,,high,low,7,name.com,,,
cf9b03a9-9d1c-4c29-aeb1-112e2ace88f0,zestful.money,available,11.98,38.98,medium,low,7,namecheap,,,08/08/2026 19:51
9f3fbcc3-3a16-4e43-be19-9f13b1cb685d,javan.money,available,11.98,38.98,high,low,5,namecheap,,,22/08/2026 12:30
b58777bd-7af2-4127-ba82-d3d0d26bf3e9,balls.money,available,19.99,,high,low,5,name.com,,,
ddf42994-e5dd-4886-88bb-6dca97badc30,referable.money,available,11.98,38.98,medium,low,9,namecheap,,,07/08/2026 01:28
b068bb61-0f6d-4f81-8e4e-e698c58237df,applied.money,available,11.98,38.98,high,low,7,namecheap,,,06/08/2026 07:11
e482e52e-1ce0-4bd4-9e85-c775663c5abc,fulminant.money,available,11.98,38.98,medium,low,9,namecheap,,,18/08/2026 18:18
95232b5c-05bd-4ef2-b41f-cc49c43a1c58,jill.money,available,16.99,35.99,high,low,4,namesilo,,,25/09/2026 11:32
ef0eaea7-a15e-44d5-9045-fd90731131e0,ruthenium.money,available,16.99,35.99,medium,low,9,namesilo,,,20/09/2026 23:08
941cf5f3-41bb-4c19-ac93-df2df0fdc353,noncitizen.money,available,11.98,38.98,medium,low,10,namecheap,,,
992dfab9-4548-43fa-a02e-920f004b41b7,unvalued.money,available,11.98,38.98,low,low,8,namecheap,,,12/09/2026 22:02
6947e66c-e649-4348-b3b4-fc1180eddd3c,forgo.money,available,11.98,38.98,high,low,5,namecheap,,,18/08/2026 11:51
30ece3f9-078b-4b91-992b-593efdaf59f9,endergonic.money,available,11.98,38.98,medium,low,10,namecheap,,,17/08/2026 00:55
66c4c29f-0ccf-4da9-9a71-62f0fe89252a,bleacher.money,available,11.98,38.98,medium,low,8,namecheap,,,24/09/2026 05:15
fef685c7-062f-446a-a30f-216361a106fd,shallow.money,available,27.2,27.2,medium,low,7,cloudflare,,,27/09/2026 20:23
527ddb98-f168-4d21-84f1-e1f46daa59ac,shrewdness.money,available,11.98,38.98,high,low,10,namecheap,,,20/09/2026 18:18
5305549b-db60-4598-be41-3265d70f52d0,lucky.money,resell,,,high,medium,5,Unstoppable Domains Inc,27/05/2020 08:52,27/05/2028 08:52,26/09/2026 07:20
dca9b459-dce5-4a87-b630-6d5338bb85c6,crushing.money,available,11.98,38.98,high,low,8,namecheap,,,13/08/2026 09:13
5c149f82-8f61-4235-96c6-58be045bc4ca,amberjack.money,available,16.99,35.99,medium,low,9,namesilo,,,18/09/2026 16:35
110863b0-2b5f-4c5c-bad6-7b99614d671d,title.money,available,16.99,35.99,high,low,5,namesilo,,,24/09/2026 03:07
8a86fa7c-89ff-40ad-bf05-89e3f4898d32,throat.money,available,11.98,38.98,high,low,6,namecheap,,,26/09/2026 00:01
5fdb5d7d-d868-48a0-a4dc-5c2a2a4ef0d9,ironed.money,available,11.98,38.98,medium,low,6,namecheap,,,22/08/2026 10:04
03bcf672-8a1a-4f0d-9af9-1e0bf67ecab5,chivalric.money,available,11.98,38.98,medium,low,9,namecheap,,,12/08/2026 06:09
1bb8a4c7-5447-4dec-87b0-41607a44bdac,crazed.money,available,11.98,38.98,medium,low,6,namecheap,,,13/08/2026 05:31
25641e28-8b18-4392-8156-498b631e03c7,graspable.money,available,11.98,38.98,medium,low,9,namecheap,,,06/08/2026 08:18
99444eab-3b2e-4a31-8c61-9bcef931d4a3,pork.money,available,16.99,35.99,high,low,4,namesilo,,,26/09/2026 00:07
73d89329-a214-4c64-b8af-943a85126788,effortful.money,available,11.98,38.98,medium,low,9,namecheap,,,15/08/2026 16:20
b4928f0d-41ad-4ae2-b084-d852dedd2e21,uproar.money,available,19.99,,high,low,6,name.com,,,
ab86dce9-fce2-4225-8ab9-0521692c2fb7,strontium.money,available,16.99,35.99,medium,low,9,namesilo,,,20/09/2026 22:59
7344a8d3-ce44-40d6-9dd4-3f6724da5f25,skillfully.money,available,11.98,38.98,medium,low,10,namecheap,,,16/09/2026 02:07
cb013de0-897b-46f4-acb9-0a9737bd2a41,tirana.money,available,16.99,35.99,high,low,6,namesilo,,,18/09/2026 02:27
8cb3419f-2c72-4706-8704-03259ad0287c,junket.money,available,16.99,35.99,high,low,6,namesilo,,,22/09/2026 03:02
df817888-aa38-423d-85a5-626d4b9e04d3,bivalent.money,available,11.98,38.98,high,low,8,namecheap,,,10/08/2026 08:58
fb1f7168-e69f-4896-a3d0-691a3ead9f0b,available.money,premium,242,242,high,low,9,namesilo,,,22/09/2026 14:22
57a11061-d6a0-414a-8a5f-09afdfc8f0b2,minus.money,available,11.98,38.98,medium,low,5,namecheap,,,25/08/2026 00:55
701f79ce-8c9d-440d-80f7-10431970f4b4,autopilot.money,resell,,,high,low,9,UM DOMAINS PTE. LTD,28/06/2026 15:15,28/06/2027 15:15,26/09/2026 04:10
fb031a2a-de35-41ec-bf07-9a58d4940238,detected.money,available,16.99,35.99,high,low,8,namesilo,,,24/09/2026 07:30
f9176828-8826-4256-a31e-1c26200f8466,turmeric.money,available,16.99,35.99,high,low,8,namesilo,,,19/09/2026 15:28
780a3d8a-4aa0-4dc9-91ed-033e2589f13d,hasten.money,available,11.98,38.98,medium,low,6,namecheap,,,09/09/2026 19:47
a50b0336-5fb0-4742-ba75-b8a88e1b2dd1,burping.money,available,16.99,35.99,medium,low,7,namesilo,,,23/09/2026 04:38
eb63b272-d767-44e7-a885-2ca49be9e00a,maimed.money,available,11.98,38.98,medium,low,6,namecheap,,,24/08/2026 13:20
7fa1ddc1-84c7-4d26-992a-7a249dbe4c0e,untanned.money,available,11.98,38.98,medium,low,8,namecheap,,,12/09/2026 21:00
beda99e4-7690-489d-8241-0356bb713b4c,punkey.money,available,11.98,38.98,medium,low,6,namecheap,,,23/09/2026 22:34
b68f42f9-7a8b-47fe-b3da-e6dec822db85,catty.money,available,11.98,38.98,medium,low,5,namecheap,,,10/08/2026 07:23
d57da304-3035-4882-8800-87e25159c52f,heard.money,available,16.99,35.99,high,low,5,namesilo,,,24/09/2026 23:38
85cff68d-21cd-44c3-a3f0-6d887ee9f754,sanative.money,available,11.98,38.98,medium,low,8,namecheap,,,
d15e766f-9acb-4f40-8c78-2b15fa6b91a3,acclaim.money,available,16.99,35.99,high,low,7,namesilo,,,16/09/2026 22:32
a922641b-a14d-4cba-ab4e-3c551ac0ae29,belted.money,available,11.98,38.98,medium,low,6,namecheap,,,09/08/2026 14:02
4dd93b1f-9d52-47d3-af2f-7870bd90b07c,locomotive.money,available,11.98,38.98,high,low,10,namecheap,,,24/08/2026 08:48
1d33bfcc-da35-4c2d-ad9c-ac3695528794,callable.money,available,11.98,38.98,high,low,8,namecheap,,,11/08/2026 14:26
b2faf8a3-788a-43e8-b038-6343c517e086,taradiddle.money,available,16.99,35.99,medium,low,10,namesilo,,,21/09/2026 23:52
d8722648-dcc7-4a66-b35e-6af52fc05192,collision.money,available,19.99,,high,low,9,name.com,,,
dcf67aaa-0de7-4417-9f95-3ff013baf557,pathogenic.money,available,11.98,38.98,medium,low,10,namecheap,,,22/08/2026 04:17
e43f5fa1-fce5-4c1f-bb9c-aceedd6afd85,unfocused.money,available,11.98,38.98,medium,low,9,namecheap,,,12/09/2026 10:32
955e3f48-1c8d-40b8-9f1d-33a76039d9e0,biaxal.money,available,11.98,38.98,medium,low,6,namecheap,,,09/08/2026 18:46
19395331-04b7-45a1-add9-8cac869a0854,thriving.money,available,11.98,38.98,high,low,8,namecheap,,,10/08/2026 19:22
b518f04f-d5e6-4d55-935d-93daf7b16c5b,dakar.money,available,19.99,,high,low,5,name.com,,,
b6e80fe6-ed9c-4445-8d56-6c0bcfcf4d24,entitled.money,available,16.99,35.99,high,low,8,namesilo,,,24/09/2026 14:10
c2d4313e-78b7-4cb2-b5f0-772d91d8f8b0,columbine.money,available,11.98,38.98,medium,low,9,namecheap,,,19/09/2026 23:13
889bf02c-add2-4cda-b6f4-981dfda2c52e,dented.money,available,11.98,38.98,medium,low,6,namecheap,,,13/08/2026 09:08
c065da6b-cb8d-4a51-98c3-004c26a7f5b7,blackbuck.money,available,16.99,35.99,medium,low,9,namesilo,,,19/09/2026 14:39
ae1d842e-8dce-456b-8e4d-c03b9514184c,infallible.money,available,11.98,38.98,high,low,10,namecheap,,,22/08/2026 04:05
2db66ffe-e4ec-4480-82e9-2ccf663a94c7,philip.money,available,19.99,,high,low,6,name.com,,,
db4e447a-6a18-41e4-baf1-bcf50a1f1500,upfield.money,available,11.98,38.98,medium,low,7,namecheap,,,12/09/2026 23:08
bdb44398-2e79-4c9d-bbe6-7afd9a706a15,therein.money,available,11.98,38.98,medium,low,7,namecheap,,,15/09/2026 07:03
46f74fba-eb46-4c8e-860f-26be0f88507c,bimbo.money,available,16.99,35.99,medium,low,5,namesilo,,,23/09/2026 16:54
eb517546-22f9-4105-a826-a3c49b39345e,cathy.money,available,11.98,38.98,high,low,5,namecheap,,,17/09/2026 16:36
00ddd500-ed44-4112-95e4-a2cfe943f649,father.money,available,19.99,,high,low,6,name.com,,,
9f8cb19b-74c1-4f54-97b2-040c97b556a2,contact.money,available,27.2,27.2,high,medium,7,cloudflare,,,28/09/2026 01:41
9920ea1b-8ada-42c5-8f1e-12eb597b2cff,grandly.money,available,11.98,38.98,medium,low,7,namecheap,,,14/09/2026 22:02
0d8c6869-8405-49b3-bea8-1005ee63a1ad,medicinal.money,available,11.98,38.98,high,low,9,namecheap,,,24/08/2026 19:01
d52ab9c3-dfed-40ab-9d16-a2099c1ba909,chatterer.money,available,16.99,35.99,medium,low,9,namesilo,,,21/09/2026 12:24
4e85cda5-d6ef-4524-8f7f-1e0bcdd81d44,resettled.money,available,11.98,38.98,medium,low,9,namecheap,,,09/09/2026 13:41
5f8719c3-8186-4686-9498-b977f7176e75,attentive.money,available,16.99,35.99,high,low,9,namesilo,,,22/09/2026 11:22
09b50595-a522-4864-bfb5-759c6f1c35a9,crisply.money,available,11.98,38.98,medium,low,7,namecheap,,,14/09/2026 09:37
d0360e6a-ffa4-4208-acaa-89c7e30dd796,slower.money,available,11.98,38.98,high,low,6,namecheap,,,16/09/2026 02:42
857f1de4-73be-422d-b848-515bb4b147c7,girlfriend.money,available,11.98,38.98,high,low,10,namecheap,,,25/09/2026 23:00
0ecc0773-8213-4e20-9e58-16169ba7cd0a,anaglyphic.money,available,11.98,38.98,medium,low,10,namecheap,,,
ce94659c-17e7-4070-83ff-d7192c36a19f,patched.money,available,11.98,38.98,medium,low,7,namecheap,,,08/09/2026 10:18
e1d4f4fb-ec6d-4413-a89f-238a0dc46b52,troublous.money,available,11.98,38.98,low,low,9,namecheap,,,11/09/2026 20:27
7d30c1b9-cf95-4b62-9b65-3242c0821d24,portrait.money,available,16.99,35.99,high,low,8,namesilo,,,28/09/2026 02:57
81487933-b787-4efc-bd34-b9297b743f60,thankful.money,available,16.99,35.99,high,low,8,namesilo,,,24/09/2026 22:54
80a12aad-d29f-4061-8c89-1783c7025295,fitzpatrick.money,available,11.98,38.98,medium,low,11,namecheap,,,27/09/2026 07:56
6c4d4543-3bcf-44a0-90c4-5131445f4929,queried.money,available,16.99,35.99,medium,low,7,namesilo,,,20/09/2026 15:21
5d2e8d6d-9415-497d-af56-e65f96759292,paprika.money,available,16.99,35.99,high,low,7,namesilo,,,23/09/2026 05:39
2ce12ee3-8f7c-40ac-9c73-e8237bc6d011,thornton.money,available,11.98,38.98,high,low,8,namecheap,,,25/09/2026 10:54
9d369bea-ce21-47ae-bb11-e6bed28ecf27,surd.money,available,11.98,38.98,medium,low,4,namecheap,,,11/09/2026 03:41
ab227a8b-bd3a-4b90-b97e-5129c15d5052,itinerant.money,available,11.98,38.98,high,low,9,namecheap,,,22/08/2026 11:41
227de662-0dec-4e56-8fa6-58ef36ebb82f,favored.money,available,11.98,38.98,high,low,7,namecheap,,,22/09/2026 20:01
0a3152d8-6268-49b5-869e-0a2626637f6b,rounds.money,available,16.99,35.99,medium,low,6,namesilo,,,27/09/2026 02:23
5db90b67-9e0f-4cfd-b6cf-d89277b6a498,booklist.money,available,19.99,,high,low,8,name.com,,,
f455b9e4-f50c-428b-8ac9-40c3560e529b,aqualung.money,available,11.98,38.98,medium,low,8,namecheap,,,19/09/2026 22:54
fcb10de2-6de1-46c9-9649-087936f94695,aculeus.money,available,16.99,35.99,medium,low,7,namesilo,,,17/09/2026 05:33
184517b5-f846-4b14-be43-92b9be6a5065,flying.money,resell,,,high,low,6,Dynadot Inc,05/06/2026 17:00,05/06/2027 17:00,26/09/2026 06:10
1f6abb59-6120-4b1c-933e-1c96a0f06d7d,birches.money,available,16.99,35.99,medium,low,7,namesilo,,,20/09/2026 07:32
75d9a2d2-1efe-4f18-85c1-5a5ab9929ca6,suggestions.money,available,16.99,35.99,medium,low,11,namesilo,,,17/09/2026 12:49
fd81b760-19db-4f9c-aa23-251c5d8c899d,arranging.money,available,11.98,38.98,high,low,9,namecheap,,,20/09/2026 08:47
fa62ef45-a6ee-4351-a031-f30ff20a2f63,sweetie.money,available,11.98,38.98,high,low,7,namecheap,,,10/09/2026 19:34
ef75ce10-814d-4b65-8694-cf85b0180ae0,austral.money,available,11.98,38.98,medium,low,7,namecheap,,,07/08/2026 18:26
a1776802-2a64-4c1c-b7ec-560d58100ddc,preserve.money,available,16.99,35.99,high,low,8,namesilo,,,24/09/2026 17:28
26003d8b-cf95-4903-9a82-40966e12bdde,nix.money,resell,,,high,low,3,"DomainSite, Inc.",11/03/2015 16:00,11/03/2027 16:00,26/09/2026 07:47
8ae958d2-cdce-48d5-a194-e27a825264ad,redundant.money,available,11.98,38.98,medium,low,9,namecheap,,,17/08/2026 16:08
a877554f-3d04-4dcc-b3e3-642db4dd5c31,bikers.money,available,16.99,35.99,high,low,6,namesilo,,,23/09/2026 15:36
fdafd890-deb5-4fdc-a648-45156e28a509,reversion.money,available,11.98,38.98,high,low,9,namecheap,,,09/09/2026 16:19
486918b8-a56d-4f41-82ae-bd3aeaf26d81,earthly.money,available,11.98,38.98,high,low,7,namecheap,,,14/08/2026 22:42
9d9f23fa-589f-4bb2-9113-ca39d4ab3768,ambulance.money,available,16.99,35.99,high,low,9,namesilo,,,18/09/2026 17:28
d3d07ebe-dd41-42ad-85a4-6f1753dff40d,sweatshirt.money,available,19.99,,high,low,10,name.com,,,
623971a5-f9f3-4ef2-9e8f-d240234077ae,municipal.money,premium,118.8,118.8,high,low,9,namesilo,,,03/09/2026 10:58
90abc3b8-677a-414c-b281-4b3e8f76784d,jungian.money,available,11.98,38.98,medium,low,7,namecheap,,,22/08/2026 14:24
59b098fa-c939-40d6-998c-8f4952a387fb,tiptop.money,available,11.98,38.98,high,low,6,namecheap,,,
f9f874d8-4c9e-4268-9665-77b0840556f8,clients.money,available,11.98,38.98,high,low,7,namecheap,,,19/09/2026 19:21
11f7169d-2ad9-4fc8-b50a-6122252d3f47,confirmed.money,available,11.98,38.98,high,low,9,namecheap,,,23/09/2026 19:53
1c4cd9a6-5f3e-4dfc-8818-d3b60d2626cc,unedited.money,available,11.98,38.98,medium,low,8,namecheap,,,12/09/2026 08:51
de8df4cd-98bd-4d12-a309-7ce3c2f22a7a,despot.money,available,11.98,38.98,medium,low,6,namecheap,,,21/09/2026 06:11
97315d81-ed3e-4531-8ff9-46a6716b9683,you.money,resell,,,high,medium,3,"Spaceship, Inc.",11/03/2015 16:00,11/03/2027 16:00,26/09/2026 10:16
c6c7226e-a446-4cb6-887c-c50a330efb0b,unconfined.money,available,11.98,38.98,medium,low,10,namecheap,,,12/09/2026 06:03
fba388e8-0734-4ca4-8805-761ffb2f14ca,crecy.money,available,16.99,35.99,medium,low,5,namesilo,,,22/09/2026 15:02
76cab99d-9ac6-4021-b60a-ec4285ff7218,dickey.money,available,11.98,38.98,medium,low,6,namecheap,,,14/08/2026 06:29
09586bfa-1ef0-4f3f-91d7-e42583a1e06a,squealed.money,available,16.99,35.99,low,low,8,namesilo,,,20/09/2026 17:30
6be706dc-a0a7-4c17-b15d-1b2b6f0d8ab9,bradstreet.money,available,16.99,35.99,medium,low,10,namesilo,,,19/09/2026 10:16
1fb60a0b-44de-4c78-95e8-d5c8ef371fd4,felon.money,available,11.98,38.98,medium,low,5,namecheap,,,13/08/2026 06:25
403c5e24-b48e-4a7d-bdb7-c89cbf49d598,immature.money,available,11.98,38.98,medium,low,8,namecheap,,,21/08/2026 20:52
aa44a685-2655-46d2-80cc-172628741684,exhusband.money,available,11.98,38.98,medium,low,10,namecheap,,,17/08/2026 15:21
7d0f6626-0e77-4876-8c0f-b6d8eed0aead,launched.money,available,16.99,35.99,high,low,8,namesilo,,,18/09/2026 13:03
4c71c67a-f7cc-4244-9afa-328b8ae31e35,attacked.money,available,11.98,38.98,medium,low,8,namecheap,,,25/09/2026 20:43
620cb157-bb77-49a8-ac85-739e8876cc9c,codes.money,premium,118.8,118.8,high,low,5,namesilo,,,
41b0d71b-c7f2-41e9-b92e-b24d1374578f,quibble.money,available,16.99,35.99,high,low,7,namesilo,,,23/09/2026 13:17
c06bf0be-3a70-4bc5-9b5e-c3e31d038167,unnumbered.money,available,11.98,38.98,medium,low,10,namecheap,,,13/08/2026 03:46
7decb5e5-5e1d-4532-a31f-58c8c27e95d7,starlike.money,available,11.98,38.98,medium,low,8,namecheap,,,10/09/2026 18:54
ef1f59f5-d159-48ae-8b6a-6ab23f9d5855,pettifog.money,available,11.98,38.98,low,low,8,namecheap,,,23/09/2026 13:20
249d3b94-c9e3-4bd4-980e-24e42a8742ea,researchers.money,available,19.99,50.99,medium,low,11,name.com,,,18/09/2026 17:37
57371823-d6c0-48bc-9e6d-c9f63a1d525e,autogenous.money,available,11.98,38.98,medium,low,10,namecheap,,,07/08/2026 20:16
27c6b885-8139-4261-8899-2076539fe057,patronage.money,available,11.98,38.98,high,low,9,namecheap,,,21/09/2026 15:39
3eefe636-45c5-4fd5-a1d3-0e847399641a,xoxoxo.money,available,19.99,,high,low,6,name.com,,,
fab46f65-5c1d-40f9-89df-76f33ec748bd,unhealthy.money,available,11.98,38.98,medium,low,9,namecheap,,,22/08/2026 06:24
f4b0239d-18d9-43fe-a9d4-fce89b5f855e,claxon.money,available,16.99,35.99,medium,low,6,namesilo,,,23/09/2026 01:29
bd3d3351-e2d1-41dd-a5f3-ea3ac5072758,thematic.money,available,11.98,38.98,high,low,8,namecheap,,,11/09/2026 12:43
e6298d05-484a-4bbb-b01e-70854b1e811d,tobago.money,available,16.99,35.99,high,low,6,namesilo,,,27/09/2026 05:45
c4120fdd-2884-43b2-8b04-d4ec1237876c,squatting.money,available,11.98,38.98,medium,low,9,namecheap,,,10/09/2026 17:35
7421a34a-f993-4a23-83aa-2f265fd9fe5a,dumas.money,available,11.98,38.98,medium,low,5,namecheap,,,18/09/2026 05:57
74204027-e62f-4667-8280-073128e1ed5a,casting.money,available,11.98,38.98,high,low,7,namecheap,,,24/09/2026 02:38
5edd2592-8b2d-42e6-9966-8429a54c39d3,fagged.money,available,11.98,38.98,low,low,6,namecheap,,,14/08/2026 14:47
73ad948a-07a9-48af-b0c0-1ef2d7a9c9b5,school.money,premium,854,854,high,medium,6,namesilo,,,23/09/2026 11:06
5ee569fc-9321-4974-a83f-2caabc579769,clementine.money,available,11.98,38.98,high,low,10,namecheap,,,24/09/2026 15:33
24c094fc-6def-43f5-a66f-703536f03111,alienage.money,available,16.99,35.99,medium,low,8,namesilo,,,18/09/2026 07:33
23947570-7224-4597-bca8-9d6468788385,polydactyl.money,available,11.98,38.98,medium,low,10,namecheap,,,08/09/2026 23:13
05b0fac3-999f-4b87-afee-7e142117b7d8,tasmania.money,available,10.55,28.15,high,low,8,spaceship,,,27/09/2026 16:02
f4c5d9ca-8145-4150-a2f4-5c91ccdb57d5,beachhead.money,available,11.98,38.98,medium,low,9,namecheap,,,22/09/2026 19:08
d111c03d-b003-4860-826c-10a834ea253a,banquet.money,available,11.98,38.98,high,low,7,namecheap,,,22/09/2026 02:59
422c116d-4358-4a0a-9032-732568c423ce,accede.money,available,11.98,38.98,high,low,6,namecheap,,,20/09/2026 16:11
ed85104f-0033-4083-990c-6810f6bd4a91,gratis.money,premium,123.75,123.75,high,low,6,name.com,,,20/08/2026 18:35
01238484-6b98-4a9a-9bab-5d23662c8d94,merger.money,resell,,,high,low,6,Dynadot Inc,10/05/2025 12:31,10/05/2027 12:31,26/09/2026 07:31
c0ab1a6a-426e-42c3-bd8b-c0fd615170f7,artfully.money,available,11.98,38.98,medium,low,8,namecheap,,,13/09/2026 20:53
c99cb5f1-6a37-4357-8c38-f87e5078711d,mundane.money,available,11.98,38.98,high,low,7,namecheap,,,17/08/2026 14:55
66410255-9e66-4f8e-be87-6292c035a90a,iberian.money,available,11.98,38.98,high,low,7,namecheap,,,21/08/2026 17:32
35e5a585-485e-44e3-a3d4-da47f586167d,dealer.money,premium,242,242,high,low,6,namesilo,,,22/09/2026 05:35
b1f1bb49-e528-497a-a88e-f320cfd37809,timorese.money,available,11.98,38.98,medium,low,8,namecheap,,,11/09/2026 16:04
e6ba0b85-b509-4884-84e3-1bf80ee968f3,zeus.money,resell,,,high,medium,4,,,,28/09/2026 01:59
b9bea608-c270-40c9-a117-2e1c24b66f56,nyse.money,available,19.99,,high,low,4,name.com,,,
dc1fa9d5-eca9-4400-9b90-38feb5f76c35,racer.money,available,16.99,35.99,high,low,5,namesilo,,,21/09/2026 07:11
d54e4b1c-76c9-437e-a3f8-ec5d1dde6efc,hypnagogic.money,available,11.98,38.98,medium,low,10,namecheap,,,21/08/2026 17:03
999f180f-7f1c-430a-8383-275693f792bc,briggs.money,available,16.99,35.99,high,low,6,namesilo,,,25/09/2026 15:50
447b2541-48d9-4c9d-9f47-df30e428afda,foolishly.money,available,11.98,38.98,medium,low,9,namecheap,,,14/09/2026 19:22
917ead1c-c844-4d75-adeb-3dddcde77429,songbird.money,available,19.99,,high,low,8,name.com,,,
91e170c4-ceed-4670-bc0d-f6220cf9e9b0,berith.money,available,16.99,35.99,medium,low,6,namesilo,,,23/09/2026 09:26
4fdee6ed-23d8-4bbb-91e4-29925b9cb5fd,mongolian.money,premium,38.94,38.94,medium,low,9,namesilo,,,25/08/2026 04:47
674faa2e-5057-469a-a239-52adf84f23e0,saying.money,available,16.99,35.99,high,low,6,namesilo,,,25/09/2026 09:03
bfd8012d-f0f4-4d1f-9ad8-850be54951c6,norwood.money,available,16.99,35.99,high,low,7,namesilo,,,25/09/2026 16:11
1cf8105a-31bb-454a-9760-569ad1e20a20,ayatollah.money,available,16.99,35.99,high,low,9,namesilo,,,21/09/2026 10:36
5e61609e-ccd3-4f2a-8e80-35de8b6ec145,reputedly.money,available,11.98,38.98,medium,low,9,namecheap,,,15/09/2026 23:20
7dc3885a-2643-4e97-810f-bcd7c46575aa,macaronic.money,available,11.98,38.98,medium,low,9,namecheap,,,24/08/2026 12:44
e2327ada-c3fb-409f-a46f-68c354045163,boundary.money,available,16.99,35.99,high,low,8,namesilo,,,23/09/2026 01:32
7f3aff29-7615-470a-b2fb-9e09d7a66d9a,funky.money,available,11.98,38.98,high,low,5,namecheap,,,18/08/2026 02:27
96affcd8-bdba-425e-8eb2-f87afaa8339a,parvenue.money,available,11.98,38.98,medium,low,8,namecheap,,,03/09/2026 22:16
124d3ac8-b05c-4afb-917d-c5ca587d08a4,downwards.money,available,11.98,38.98,medium,low,9,namecheap,,,14/08/2026 17:16
d71daafd-6860-4fde-84b1-fef16e332276,therefore.money,available,19.99,,high,low,9,name.com,,,
9a1de240-e5ba-4f34-903c-a317828b4d54,upstanding.money,available,11.98,38.98,high,low,10,namecheap,,,12/09/2026 23:22
9fb6aa17-16fa-4679-b4cd-748cc915d16f,clunky.money,available,11.98,38.98,medium,low,6,namecheap,,,12/08/2026 13:08
44332b5d-b970-48f7-915e-fe232b71fa82,frowning.money,available,11.98,38.98,medium,low,8,namecheap,,,18/08/2026 16:40
6bed04a1-fda0-44db-8088-f6fefb40e205,rusted.money,available,11.98,38.98,medium,low,6,namecheap,,,09/09/2026 20:17
8f8d2783-1d56-46b8-90e1-bae674bd1e43,singapore.money,available,,,high,high,9,,,,
dd9f364a-dcab-4b6b-b697-f4443425c779,says.money,available,11.98,38.98,medium,low,4,namecheap,,,
7133a075-ca91-40c8-91c9-922daacedae5,screechy.money,available,11.98,38.98,medium,low,8,namecheap,,,10/09/2026 00:01
8ea6299d-d6c0-40b9-9e19-e1ea94ee3998,antigua.money,available,16.99,35.99,high,low,7,namesilo,,,19/09/2026 14:32
d473f799-d106-495a-9305-fd136cb4fd74,ebony.money,available,11.98,38.98,high,low,5,namecheap,,,14/08/2026 23:09
f83278a0-c2c5-4039-a86b-80cdb192a436,goosy.money,available,11.98,38.98,medium,low,5,namecheap,,,14/08/2026 16:07
c95eedf9-cab2-43f1-8435-4a3e201d2de3,empathetic.money,available,11.98,38.98,high,low,10,namecheap,,,16/08/2026 16:43
3d730de6-297c-4b77-afaa-a5a59ed6d7ea,pronounce.money,available,19.99,,high,low,9,name.com,,,
0636b995-030a-4c9e-b3d2-3269dd485f05,antinomy.money,available,16.99,35.99,medium,low,8,namesilo,,,19/09/2026 14:49
dbe8c2a5-3b0f-4adf-9660-7c9a868f9d7d,abrader.money,available,16.99,35.99,medium,low,7,namesilo,,,16/09/2026 16:48